-- --------------------------------------------------------
-- Host:                         127.0.0.1
-- Server version:               8.4.6 - MySQL Community Server - GPL
-- Server OS:                    Win64
-- HeidiSQL Version:             12.1.0.6537
-- --------------------------------------------------------

/*!40101 SET @OLD_CHARACTER_SET_CLIENT=@@CHARACTER_SET_CLIENT */;
/*!40101 SET NAMES utf8 */;
/*!50503 SET NAMES utf8mb4 */;
/*!40103 SET @OLD_TIME_ZONE=@@TIME_ZONE */;
/*!40103 SET TIME_ZONE='+00:00' */;
/*!40014 SET @OLD_FOREIGN_KEY_CHECKS=@@FOREIGN_KEY_CHECKS, FOREIGN_KEY_CHECKS=0 */;
/*!40101 SET @OLD_SQL_MODE=@@SQL_MODE, SQL_MODE='NO_AUTO_VALUE_ON_ZERO' */;
/*!40111 SET @OLD_SQL_NOTES=@@SQL_NOTES, SQL_NOTES=0 */;


-- Dumping database structure for kemena10_bimas
DROP DATABASE IF EXISTS `kemena10_bimas`;
CREATE DATABASE IF NOT EXISTS `kemena10_bimas` /*!40100 DEFAULT CHARACTER SET utf8mb4 COLLATE utf8mb4_0900_ai_ci */ /*!80016 DEFAULT ENCRYPTION='N' */;
USE `kemena10_bimas`;

-- Dumping structure for table kemena10_bimas.cache
DROP TABLE IF EXISTS `cache`;
CREATE TABLE IF NOT EXISTS `cache` (
  `key` varchar(255) COLLATE utf8mb4_unicode_ci NOT NULL,
  `value` mediumtext COLLATE utf8mb4_unicode_ci NOT NULL,
  `expiration` int NOT NULL,
  PRIMARY KEY (`key`)
) ENGINE=InnoDB DEFAULT CHARSET=utf8mb4 COLLATE=utf8mb4_unicode_ci;

-- Dumping data for table kemena10_bimas.cache: ~0 rows (approximately)
REPLACE INTO `cache` (`key`, `value`, `expiration`) VALUES
	('laravel-cache-kecamatans', 'O:39:"Illuminate\\Database\\Eloquent\\Collection":2:{s:8:"\0*\0items";a:20:{i:0;O:20:"App\\Models\\Kecamatan":34:{s:13:"\0*\0connection";s:5:"mysql";s:8:"\0*\0table";s:10:"kecamatans";s:13:"\0*\0primaryKey";s:2:"id";s:10:"\0*\0keyType";s:3:"int";s:12:"incrementing";b:1;s:7:"\0*\0with";a:0:{}s:12:"\0*\0withCount";a:0:{}s:19:"preventsLazyLoading";b:0;s:10:"\0*\0perPage";i:15;s:6:"exists";b:1;s:18:"wasRecentlyCreated";b:0;s:28:"\0*\0escapeWhenCastingToString";b:0;s:13:"\0*\0attributes";a:2:{s:2:"id";i:1;s:9:"kecamatan";s:7:"anggana";}s:11:"\0*\0original";a:2:{s:2:"id";i:1;s:9:"kecamatan";s:7:"anggana";}s:10:"\0*\0changes";a:0:{}s:11:"\0*\0previous";a:0:{}s:8:"\0*\0casts";a:1:{s:10:"deleted_at";s:8:"datetime";}s:17:"\0*\0classCastCache";a:0:{}s:21:"\0*\0attributeCastCache";a:0:{}s:13:"\0*\0dateFormat";N;s:10:"\0*\0appends";a:0:{}s:19:"\0*\0dispatchesEvents";a:0:{}s:14:"\0*\0observables";a:0:{}s:12:"\0*\0relations";a:0:{}s:10:"\0*\0touches";a:0:{}s:27:"\0*\0relationAutoloadCallback";N;s:26:"\0*\0relationAutoloadContext";N;s:10:"timestamps";b:1;s:13:"usesUniqueIds";b:0;s:9:"\0*\0hidden";a:0:{}s:10:"\0*\0visible";a:0:{}s:11:"\0*\0fillable";a:1:{i:0;s:9:"kecamatan";}s:10:"\0*\0guarded";a:1:{i:0;s:1:"*";}s:16:"\0*\0forceDeleting";b:0;}i:1;O:20:"App\\Models\\Kecamatan":34:{s:13:"\0*\0connection";s:5:"mysql";s:8:"\0*\0table";s:10:"kecamatans";s:13:"\0*\0primaryKey";s:2:"id";s:10:"\0*\0keyType";s:3:"int";s:12:"incrementing";b:1;s:7:"\0*\0with";a:0:{}s:12:"\0*\0withCount";a:0:{}s:19:"preventsLazyLoading";b:0;s:10:"\0*\0perPage";i:15;s:6:"exists";b:1;s:18:"wasRecentlyCreated";b:0;s:28:"\0*\0escapeWhenCastingToString";b:0;s:13:"\0*\0attributes";a:2:{s:2:"id";i:2;s:9:"kecamatan";s:15:"kembang janggut";}s:11:"\0*\0original";a:2:{s:2:"id";i:2;s:9:"kecamatan";s:15:"kembang janggut";}s:10:"\0*\0changes";a:0:{}s:11:"\0*\0previous";a:0:{}s:8:"\0*\0casts";a:1:{s:10:"deleted_at";s:8:"datetime";}s:17:"\0*\0classCastCache";a:0:{}s:21:"\0*\0attributeCastCache";a:0:{}s:13:"\0*\0dateFormat";N;s:10:"\0*\0appends";a:0:{}s:19:"\0*\0dispatchesEvents";a:0:{}s:14:"\0*\0observables";a:0:{}s:12:"\0*\0relations";a:0:{}s:10:"\0*\0touches";a:0:{}s:27:"\0*\0relationAutoloadCallback";N;s:26:"\0*\0relationAutoloadContext";N;s:10:"timestamps";b:1;s:13:"usesUniqueIds";b:0;s:9:"\0*\0hidden";a:0:{}s:10:"\0*\0visible";a:0:{}s:11:"\0*\0fillable";a:1:{i:0;s:9:"kecamatan";}s:10:"\0*\0guarded";a:1:{i:0;s:1:"*";}s:16:"\0*\0forceDeleting";b:0;}i:2;O:20:"App\\Models\\Kecamatan":34:{s:13:"\0*\0connection";s:5:"mysql";s:8:"\0*\0table";s:10:"kecamatans";s:13:"\0*\0primaryKey";s:2:"id";s:10:"\0*\0keyType";s:3:"int";s:12:"incrementing";b:1;s:7:"\0*\0with";a:0:{}s:12:"\0*\0withCount";a:0:{}s:19:"preventsLazyLoading";b:0;s:10:"\0*\0perPage";i:15;s:6:"exists";b:1;s:18:"wasRecentlyCreated";b:0;s:28:"\0*\0escapeWhenCastingToString";b:0;s:13:"\0*\0attributes";a:2:{s:2:"id";i:3;s:9:"kecamatan";s:7:"kenohan";}s:11:"\0*\0original";a:2:{s:2:"id";i:3;s:9:"kecamatan";s:7:"kenohan";}s:10:"\0*\0changes";a:0:{}s:11:"\0*\0previous";a:0:{}s:8:"\0*\0casts";a:1:{s:10:"deleted_at";s:8:"datetime";}s:17:"\0*\0classCastCache";a:0:{}s:21:"\0*\0attributeCastCache";a:0:{}s:13:"\0*\0dateFormat";N;s:10:"\0*\0appends";a:0:{}s:19:"\0*\0dispatchesEvents";a:0:{}s:14:"\0*\0observables";a:0:{}s:12:"\0*\0relations";a:0:{}s:10:"\0*\0touches";a:0:{}s:27:"\0*\0relationAutoloadCallback";N;s:26:"\0*\0relationAutoloadContext";N;s:10:"timestamps";b:1;s:13:"usesUniqueIds";b:0;s:9:"\0*\0hidden";a:0:{}s:10:"\0*\0visible";a:0:{}s:11:"\0*\0fillable";a:1:{i:0;s:9:"kecamatan";}s:10:"\0*\0guarded";a:1:{i:0;s:1:"*";}s:16:"\0*\0forceDeleting";b:0;}i:3;O:20:"App\\Models\\Kecamatan":34:{s:13:"\0*\0connection";s:5:"mysql";s:8:"\0*\0table";s:10:"kecamatans";s:13:"\0*\0primaryKey";s:2:"id";s:10:"\0*\0keyType";s:3:"int";s:12:"incrementing";b:1;s:7:"\0*\0with";a:0:{}s:12:"\0*\0withCount";a:0:{}s:19:"preventsLazyLoading";b:0;s:10:"\0*\0perPage";i:15;s:6:"exists";b:1;s:18:"wasRecentlyCreated";b:0;s:28:"\0*\0escapeWhenCastingToString";b:0;s:13:"\0*\0attributes";a:2:{s:2:"id";i:4;s:9:"kecamatan";s:11:"kota bangun";}s:11:"\0*\0original";a:2:{s:2:"id";i:4;s:9:"kecamatan";s:11:"kota bangun";}s:10:"\0*\0changes";a:0:{}s:11:"\0*\0previous";a:0:{}s:8:"\0*\0casts";a:1:{s:10:"deleted_at";s:8:"datetime";}s:17:"\0*\0classCastCache";a:0:{}s:21:"\0*\0attributeCastCache";a:0:{}s:13:"\0*\0dateFormat";N;s:10:"\0*\0appends";a:0:{}s:19:"\0*\0dispatchesEvents";a:0:{}s:14:"\0*\0observables";a:0:{}s:12:"\0*\0relations";a:0:{}s:10:"\0*\0touches";a:0:{}s:27:"\0*\0relationAutoloadCallback";N;s:26:"\0*\0relationAutoloadContext";N;s:10:"timestamps";b:1;s:13:"usesUniqueIds";b:0;s:9:"\0*\0hidden";a:0:{}s:10:"\0*\0visible";a:0:{}s:11:"\0*\0fillable";a:1:{i:0;s:9:"kecamatan";}s:10:"\0*\0guarded";a:1:{i:0;s:1:"*";}s:16:"\0*\0forceDeleting";b:0;}i:4;O:20:"App\\Models\\Kecamatan":34:{s:13:"\0*\0connection";s:5:"mysql";s:8:"\0*\0table";s:10:"kecamatans";s:13:"\0*\0primaryKey";s:2:"id";s:10:"\0*\0keyType";s:3:"int";s:12:"incrementing";b:1;s:7:"\0*\0with";a:0:{}s:12:"\0*\0withCount";a:0:{}s:19:"preventsLazyLoading";b:0;s:10:"\0*\0perPage";i:15;s:6:"exists";b:1;s:18:"wasRecentlyCreated";b:0;s:28:"\0*\0escapeWhenCastingToString";b:0;s:13:"\0*\0attributes";a:2:{s:2:"id";i:5;s:9:"kecamatan";s:17:"kota bangun darat";}s:11:"\0*\0original";a:2:{s:2:"id";i:5;s:9:"kecamatan";s:17:"kota bangun darat";}s:10:"\0*\0changes";a:0:{}s:11:"\0*\0previous";a:0:{}s:8:"\0*\0casts";a:1:{s:10:"deleted_at";s:8:"datetime";}s:17:"\0*\0classCastCache";a:0:{}s:21:"\0*\0attributeCastCache";a:0:{}s:13:"\0*\0dateFormat";N;s:10:"\0*\0appends";a:0:{}s:19:"\0*\0dispatchesEvents";a:0:{}s:14:"\0*\0observables";a:0:{}s:12:"\0*\0relations";a:0:{}s:10:"\0*\0touches";a:0:{}s:27:"\0*\0relationAutoloadCallback";N;s:26:"\0*\0relationAutoloadContext";N;s:10:"timestamps";b:1;s:13:"usesUniqueIds";b:0;s:9:"\0*\0hidden";a:0:{}s:10:"\0*\0visible";a:0:{}s:11:"\0*\0fillable";a:1:{i:0;s:9:"kecamatan";}s:10:"\0*\0guarded";a:1:{i:0;s:1:"*";}s:16:"\0*\0forceDeleting";b:0;}i:5;O:20:"App\\Models\\Kecamatan":34:{s:13:"\0*\0connection";s:5:"mysql";s:8:"\0*\0table";s:10:"kecamatans";s:13:"\0*\0primaryKey";s:2:"id";s:10:"\0*\0keyType";s:3:"int";s:12:"incrementing";b:1;s:7:"\0*\0with";a:0:{}s:12:"\0*\0withCount";a:0:{}s:19:"preventsLazyLoading";b:0;s:10:"\0*\0perPage";i:15;s:6:"exists";b:1;s:18:"wasRecentlyCreated";b:0;s:28:"\0*\0escapeWhenCastingToString";b:0;s:13:"\0*\0attributes";a:2:{s:2:"id";i:6;s:9:"kecamatan";s:9:"loa janan";}s:11:"\0*\0original";a:2:{s:2:"id";i:6;s:9:"kecamatan";s:9:"loa janan";}s:10:"\0*\0changes";a:0:{}s:11:"\0*\0previous";a:0:{}s:8:"\0*\0casts";a:1:{s:10:"deleted_at";s:8:"datetime";}s:17:"\0*\0classCastCache";a:0:{}s:21:"\0*\0attributeCastCache";a:0:{}s:13:"\0*\0dateFormat";N;s:10:"\0*\0appends";a:0:{}s:19:"\0*\0dispatchesEvents";a:0:{}s:14:"\0*\0observables";a:0:{}s:12:"\0*\0relations";a:0:{}s:10:"\0*\0touches";a:0:{}s:27:"\0*\0relationAutoloadCallback";N;s:26:"\0*\0relationAutoloadContext";N;s:10:"timestamps";b:1;s:13:"usesUniqueIds";b:0;s:9:"\0*\0hidden";a:0:{}s:10:"\0*\0visible";a:0:{}s:11:"\0*\0fillable";a:1:{i:0;s:9:"kecamatan";}s:10:"\0*\0guarded";a:1:{i:0;s:1:"*";}s:16:"\0*\0forceDeleting";b:0;}i:6;O:20:"App\\Models\\Kecamatan":34:{s:13:"\0*\0connection";s:5:"mysql";s:8:"\0*\0table";s:10:"kecamatans";s:13:"\0*\0primaryKey";s:2:"id";s:10:"\0*\0keyType";s:3:"int";s:12:"incrementing";b:1;s:7:"\0*\0with";a:0:{}s:12:"\0*\0withCount";a:0:{}s:19:"preventsLazyLoading";b:0;s:10:"\0*\0perPage";i:15;s:6:"exists";b:1;s:18:"wasRecentlyCreated";b:0;s:28:"\0*\0escapeWhenCastingToString";b:0;s:13:"\0*\0attributes";a:2:{s:2:"id";i:7;s:9:"kecamatan";s:8:"loa kulu";}s:11:"\0*\0original";a:2:{s:2:"id";i:7;s:9:"kecamatan";s:8:"loa kulu";}s:10:"\0*\0changes";a:0:{}s:11:"\0*\0previous";a:0:{}s:8:"\0*\0casts";a:1:{s:10:"deleted_at";s:8:"datetime";}s:17:"\0*\0classCastCache";a:0:{}s:21:"\0*\0attributeCastCache";a:0:{}s:13:"\0*\0dateFormat";N;s:10:"\0*\0appends";a:0:{}s:19:"\0*\0dispatchesEvents";a:0:{}s:14:"\0*\0observables";a:0:{}s:12:"\0*\0relations";a:0:{}s:10:"\0*\0touches";a:0:{}s:27:"\0*\0relationAutoloadCallback";N;s:26:"\0*\0relationAutoloadContext";N;s:10:"timestamps";b:1;s:13:"usesUniqueIds";b:0;s:9:"\0*\0hidden";a:0:{}s:10:"\0*\0visible";a:0:{}s:11:"\0*\0fillable";a:1:{i:0;s:9:"kecamatan";}s:10:"\0*\0guarded";a:1:{i:0;s:1:"*";}s:16:"\0*\0forceDeleting";b:0;}i:7;O:20:"App\\Models\\Kecamatan":34:{s:13:"\0*\0connection";s:5:"mysql";s:8:"\0*\0table";s:10:"kecamatans";s:13:"\0*\0primaryKey";s:2:"id";s:10:"\0*\0keyType";s:3:"int";s:12:"incrementing";b:1;s:7:"\0*\0with";a:0:{}s:12:"\0*\0withCount";a:0:{}s:19:"preventsLazyLoading";b:0;s:10:"\0*\0perPage";i:15;s:6:"exists";b:1;s:18:"wasRecentlyCreated";b:0;s:28:"\0*\0escapeWhenCastingToString";b:0;s:13:"\0*\0attributes";a:2:{s:2:"id";i:8;s:9:"kecamatan";s:10:"marangkayu";}s:11:"\0*\0original";a:2:{s:2:"id";i:8;s:9:"kecamatan";s:10:"marangkayu";}s:10:"\0*\0changes";a:0:{}s:11:"\0*\0previous";a:0:{}s:8:"\0*\0casts";a:1:{s:10:"deleted_at";s:8:"datetime";}s:17:"\0*\0classCastCache";a:0:{}s:21:"\0*\0attributeCastCache";a:0:{}s:13:"\0*\0dateFormat";N;s:10:"\0*\0appends";a:0:{}s:19:"\0*\0dispatchesEvents";a:0:{}s:14:"\0*\0observables";a:0:{}s:12:"\0*\0relations";a:0:{}s:10:"\0*\0touches";a:0:{}s:27:"\0*\0relationAutoloadCallback";N;s:26:"\0*\0relationAutoloadContext";N;s:10:"timestamps";b:1;s:13:"usesUniqueIds";b:0;s:9:"\0*\0hidden";a:0:{}s:10:"\0*\0visible";a:0:{}s:11:"\0*\0fillable";a:1:{i:0;s:9:"kecamatan";}s:10:"\0*\0guarded";a:1:{i:0;s:1:"*";}s:16:"\0*\0forceDeleting";b:0;}i:8;O:20:"App\\Models\\Kecamatan":34:{s:13:"\0*\0connection";s:5:"mysql";s:8:"\0*\0table";s:10:"kecamatans";s:13:"\0*\0primaryKey";s:2:"id";s:10:"\0*\0keyType";s:3:"int";s:12:"incrementing";b:1;s:7:"\0*\0with";a:0:{}s:12:"\0*\0withCount";a:0:{}s:19:"preventsLazyLoading";b:0;s:10:"\0*\0perPage";i:15;s:6:"exists";b:1;s:18:"wasRecentlyCreated";b:0;s:28:"\0*\0escapeWhenCastingToString";b:0;s:13:"\0*\0attributes";a:2:{s:2:"id";i:9;s:9:"kecamatan";s:11:"muara badak";}s:11:"\0*\0original";a:2:{s:2:"id";i:9;s:9:"kecamatan";s:11:"muara badak";}s:10:"\0*\0changes";a:0:{}s:11:"\0*\0previous";a:0:{}s:8:"\0*\0casts";a:1:{s:10:"deleted_at";s:8:"datetime";}s:17:"\0*\0classCastCache";a:0:{}s:21:"\0*\0attributeCastCache";a:0:{}s:13:"\0*\0dateFormat";N;s:10:"\0*\0appends";a:0:{}s:19:"\0*\0dispatchesEvents";a:0:{}s:14:"\0*\0observables";a:0:{}s:12:"\0*\0relations";a:0:{}s:10:"\0*\0touches";a:0:{}s:27:"\0*\0relationAutoloadCallback";N;s:26:"\0*\0relationAutoloadContext";N;s:10:"timestamps";b:1;s:13:"usesUniqueIds";b:0;s:9:"\0*\0hidden";a:0:{}s:10:"\0*\0visible";a:0:{}s:11:"\0*\0fillable";a:1:{i:0;s:9:"kecamatan";}s:10:"\0*\0guarded";a:1:{i:0;s:1:"*";}s:16:"\0*\0forceDeleting";b:0;}i:9;O:20:"App\\Models\\Kecamatan":34:{s:13:"\0*\0connection";s:5:"mysql";s:8:"\0*\0table";s:10:"kecamatans";s:13:"\0*\0primaryKey";s:2:"id";s:10:"\0*\0keyType";s:3:"int";s:12:"incrementing";b:1;s:7:"\0*\0with";a:0:{}s:12:"\0*\0withCount";a:0:{}s:19:"preventsLazyLoading";b:0;s:10:"\0*\0perPage";i:15;s:6:"exists";b:1;s:18:"wasRecentlyCreated";b:0;s:28:"\0*\0escapeWhenCastingToString";b:0;s:13:"\0*\0attributes";a:2:{s:2:"id";i:10;s:9:"kecamatan";s:10:"muara jawa";}s:11:"\0*\0original";a:2:{s:2:"id";i:10;s:9:"kecamatan";s:10:"muara jawa";}s:10:"\0*\0changes";a:0:{}s:11:"\0*\0previous";a:0:{}s:8:"\0*\0casts";a:1:{s:10:"deleted_at";s:8:"datetime";}s:17:"\0*\0classCastCache";a:0:{}s:21:"\0*\0attributeCastCache";a:0:{}s:13:"\0*\0dateFormat";N;s:10:"\0*\0appends";a:0:{}s:19:"\0*\0dispatchesEvents";a:0:{}s:14:"\0*\0observables";a:0:{}s:12:"\0*\0relations";a:0:{}s:10:"\0*\0touches";a:0:{}s:27:"\0*\0relationAutoloadCallback";N;s:26:"\0*\0relationAutoloadContext";N;s:10:"timestamps";b:1;s:13:"usesUniqueIds";b:0;s:9:"\0*\0hidden";a:0:{}s:10:"\0*\0visible";a:0:{}s:11:"\0*\0fillable";a:1:{i:0;s:9:"kecamatan";}s:10:"\0*\0guarded";a:1:{i:0;s:1:"*";}s:16:"\0*\0forceDeleting";b:0;}i:10;O:20:"App\\Models\\Kecamatan":34:{s:13:"\0*\0connection";s:5:"mysql";s:8:"\0*\0table";s:10:"kecamatans";s:13:"\0*\0primaryKey";s:2:"id";s:10:"\0*\0keyType";s:3:"int";s:12:"incrementing";b:1;s:7:"\0*\0with";a:0:{}s:12:"\0*\0withCount";a:0:{}s:19:"preventsLazyLoading";b:0;s:10:"\0*\0perPage";i:15;s:6:"exists";b:1;s:18:"wasRecentlyCreated";b:0;s:28:"\0*\0escapeWhenCastingToString";b:0;s:13:"\0*\0attributes";a:2:{s:2:"id";i:11;s:9:"kecamatan";s:11:"muara kaman";}s:11:"\0*\0original";a:2:{s:2:"id";i:11;s:9:"kecamatan";s:11:"muara kaman";}s:10:"\0*\0changes";a:0:{}s:11:"\0*\0previous";a:0:{}s:8:"\0*\0casts";a:1:{s:10:"deleted_at";s:8:"datetime";}s:17:"\0*\0classCastCache";a:0:{}s:21:"\0*\0attributeCastCache";a:0:{}s:13:"\0*\0dateFormat";N;s:10:"\0*\0appends";a:0:{}s:19:"\0*\0dispatchesEvents";a:0:{}s:14:"\0*\0observables";a:0:{}s:12:"\0*\0relations";a:0:{}s:10:"\0*\0touches";a:0:{}s:27:"\0*\0relationAutoloadCallback";N;s:26:"\0*\0relationAutoloadContext";N;s:10:"timestamps";b:1;s:13:"usesUniqueIds";b:0;s:9:"\0*\0hidden";a:0:{}s:10:"\0*\0visible";a:0:{}s:11:"\0*\0fillable";a:1:{i:0;s:9:"kecamatan";}s:10:"\0*\0guarded";a:1:{i:0;s:1:"*";}s:16:"\0*\0forceDeleting";b:0;}i:11;O:20:"App\\Models\\Kecamatan":34:{s:13:"\0*\0connection";s:5:"mysql";s:8:"\0*\0table";s:10:"kecamatans";s:13:"\0*\0primaryKey";s:2:"id";s:10:"\0*\0keyType";s:3:"int";s:12:"incrementing";b:1;s:7:"\0*\0with";a:0:{}s:12:"\0*\0withCount";a:0:{}s:19:"preventsLazyLoading";b:0;s:10:"\0*\0perPage";i:15;s:6:"exists";b:1;s:18:"wasRecentlyCreated";b:0;s:28:"\0*\0escapeWhenCastingToString";b:0;s:13:"\0*\0attributes";a:2:{s:2:"id";i:12;s:9:"kecamatan";s:12:"muara muntai";}s:11:"\0*\0original";a:2:{s:2:"id";i:12;s:9:"kecamatan";s:12:"muara muntai";}s:10:"\0*\0changes";a:0:{}s:11:"\0*\0previous";a:0:{}s:8:"\0*\0casts";a:1:{s:10:"deleted_at";s:8:"datetime";}s:17:"\0*\0classCastCache";a:0:{}s:21:"\0*\0attributeCastCache";a:0:{}s:13:"\0*\0dateFormat";N;s:10:"\0*\0appends";a:0:{}s:19:"\0*\0dispatchesEvents";a:0:{}s:14:"\0*\0observables";a:0:{}s:12:"\0*\0relations";a:0:{}s:10:"\0*\0touches";a:0:{}s:27:"\0*\0relationAutoloadCallback";N;s:26:"\0*\0relationAutoloadContext";N;s:10:"timestamps";b:1;s:13:"usesUniqueIds";b:0;s:9:"\0*\0hidden";a:0:{}s:10:"\0*\0visible";a:0:{}s:11:"\0*\0fillable";a:1:{i:0;s:9:"kecamatan";}s:10:"\0*\0guarded";a:1:{i:0;s:1:"*";}s:16:"\0*\0forceDeleting";b:0;}i:12;O:20:"App\\Models\\Kecamatan":34:{s:13:"\0*\0connection";s:5:"mysql";s:8:"\0*\0table";s:10:"kecamatans";s:13:"\0*\0primaryKey";s:2:"id";s:10:"\0*\0keyType";s:3:"int";s:12:"incrementing";b:1;s:7:"\0*\0with";a:0:{}s:12:"\0*\0withCount";a:0:{}s:19:"preventsLazyLoading";b:0;s:10:"\0*\0perPage";i:15;s:6:"exists";b:1;s:18:"wasRecentlyCreated";b:0;s:28:"\0*\0escapeWhenCastingToString";b:0;s:13:"\0*\0attributes";a:2:{s:2:"id";i:13;s:9:"kecamatan";s:9:"muara wis";}s:11:"\0*\0original";a:2:{s:2:"id";i:13;s:9:"kecamatan";s:9:"muara wis";}s:10:"\0*\0changes";a:0:{}s:11:"\0*\0previous";a:0:{}s:8:"\0*\0casts";a:1:{s:10:"deleted_at";s:8:"datetime";}s:17:"\0*\0classCastCache";a:0:{}s:21:"\0*\0attributeCastCache";a:0:{}s:13:"\0*\0dateFormat";N;s:10:"\0*\0appends";a:0:{}s:19:"\0*\0dispatchesEvents";a:0:{}s:14:"\0*\0observables";a:0:{}s:12:"\0*\0relations";a:0:{}s:10:"\0*\0touches";a:0:{}s:27:"\0*\0relationAutoloadCallback";N;s:26:"\0*\0relationAutoloadContext";N;s:10:"timestamps";b:1;s:13:"usesUniqueIds";b:0;s:9:"\0*\0hidden";a:0:{}s:10:"\0*\0visible";a:0:{}s:11:"\0*\0fillable";a:1:{i:0;s:9:"kecamatan";}s:10:"\0*\0guarded";a:1:{i:0;s:1:"*";}s:16:"\0*\0forceDeleting";b:0;}i:13;O:20:"App\\Models\\Kecamatan":34:{s:13:"\0*\0connection";s:5:"mysql";s:8:"\0*\0table";s:10:"kecamatans";s:13:"\0*\0primaryKey";s:2:"id";s:10:"\0*\0keyType";s:3:"int";s:12:"incrementing";b:1;s:7:"\0*\0with";a:0:{}s:12:"\0*\0withCount";a:0:{}s:19:"preventsLazyLoading";b:0;s:10:"\0*\0perPage";i:15;s:6:"exists";b:1;s:18:"wasRecentlyCreated";b:0;s:28:"\0*\0escapeWhenCastingToString";b:0;s:13:"\0*\0attributes";a:2:{s:2:"id";i:14;s:9:"kecamatan";s:7:"samboja";}s:11:"\0*\0original";a:2:{s:2:"id";i:14;s:9:"kecamatan";s:7:"samboja";}s:10:"\0*\0changes";a:0:{}s:11:"\0*\0previous";a:0:{}s:8:"\0*\0casts";a:1:{s:10:"deleted_at";s:8:"datetime";}s:17:"\0*\0classCastCache";a:0:{}s:21:"\0*\0attributeCastCache";a:0:{}s:13:"\0*\0dateFormat";N;s:10:"\0*\0appends";a:0:{}s:19:"\0*\0dispatchesEvents";a:0:{}s:14:"\0*\0observables";a:0:{}s:12:"\0*\0relations";a:0:{}s:10:"\0*\0touches";a:0:{}s:27:"\0*\0relationAutoloadCallback";N;s:26:"\0*\0relationAutoloadContext";N;s:10:"timestamps";b:1;s:13:"usesUniqueIds";b:0;s:9:"\0*\0hidden";a:0:{}s:10:"\0*\0visible";a:0:{}s:11:"\0*\0fillable";a:1:{i:0;s:9:"kecamatan";}s:10:"\0*\0guarded";a:1:{i:0;s:1:"*";}s:16:"\0*\0forceDeleting";b:0;}i:14;O:20:"App\\Models\\Kecamatan":34:{s:13:"\0*\0connection";s:5:"mysql";s:8:"\0*\0table";s:10:"kecamatans";s:13:"\0*\0primaryKey";s:2:"id";s:10:"\0*\0keyType";s:3:"int";s:12:"incrementing";b:1;s:7:"\0*\0with";a:0:{}s:12:"\0*\0withCount";a:0:{}s:19:"preventsLazyLoading";b:0;s:10:"\0*\0perPage";i:15;s:6:"exists";b:1;s:18:"wasRecentlyCreated";b:0;s:28:"\0*\0escapeWhenCastingToString";b:0;s:13:"\0*\0attributes";a:2:{s:2:"id";i:15;s:9:"kecamatan";s:10:"sangasanga";}s:11:"\0*\0original";a:2:{s:2:"id";i:15;s:9:"kecamatan";s:10:"sangasanga";}s:10:"\0*\0changes";a:0:{}s:11:"\0*\0previous";a:0:{}s:8:"\0*\0casts";a:1:{s:10:"deleted_at";s:8:"datetime";}s:17:"\0*\0classCastCache";a:0:{}s:21:"\0*\0attributeCastCache";a:0:{}s:13:"\0*\0dateFormat";N;s:10:"\0*\0appends";a:0:{}s:19:"\0*\0dispatchesEvents";a:0:{}s:14:"\0*\0observables";a:0:{}s:12:"\0*\0relations";a:0:{}s:10:"\0*\0touches";a:0:{}s:27:"\0*\0relationAutoloadCallback";N;s:26:"\0*\0relationAutoloadContext";N;s:10:"timestamps";b:1;s:13:"usesUniqueIds";b:0;s:9:"\0*\0hidden";a:0:{}s:10:"\0*\0visible";a:0:{}s:11:"\0*\0fillable";a:1:{i:0;s:9:"kecamatan";}s:10:"\0*\0guarded";a:1:{i:0;s:1:"*";}s:16:"\0*\0forceDeleting";b:0;}i:15;O:20:"App\\Models\\Kecamatan":34:{s:13:"\0*\0connection";s:5:"mysql";s:8:"\0*\0table";s:10:"kecamatans";s:13:"\0*\0primaryKey";s:2:"id";s:10:"\0*\0keyType";s:3:"int";s:12:"incrementing";b:1;s:7:"\0*\0with";a:0:{}s:12:"\0*\0withCount";a:0:{}s:19:"preventsLazyLoading";b:0;s:10:"\0*\0perPage";i:15;s:6:"exists";b:1;s:18:"wasRecentlyCreated";b:0;s:28:"\0*\0escapeWhenCastingToString";b:0;s:13:"\0*\0attributes";a:2:{s:2:"id";i:16;s:9:"kecamatan";s:6:"sebulu";}s:11:"\0*\0original";a:2:{s:2:"id";i:16;s:9:"kecamatan";s:6:"sebulu";}s:10:"\0*\0changes";a:0:{}s:11:"\0*\0previous";a:0:{}s:8:"\0*\0casts";a:1:{s:10:"deleted_at";s:8:"datetime";}s:17:"\0*\0classCastCache";a:0:{}s:21:"\0*\0attributeCastCache";a:0:{}s:13:"\0*\0dateFormat";N;s:10:"\0*\0appends";a:0:{}s:19:"\0*\0dispatchesEvents";a:0:{}s:14:"\0*\0observables";a:0:{}s:12:"\0*\0relations";a:0:{}s:10:"\0*\0touches";a:0:{}s:27:"\0*\0relationAutoloadCallback";N;s:26:"\0*\0relationAutoloadContext";N;s:10:"timestamps";b:1;s:13:"usesUniqueIds";b:0;s:9:"\0*\0hidden";a:0:{}s:10:"\0*\0visible";a:0:{}s:11:"\0*\0fillable";a:1:{i:0;s:9:"kecamatan";}s:10:"\0*\0guarded";a:1:{i:0;s:1:"*";}s:16:"\0*\0forceDeleting";b:0;}i:16;O:20:"App\\Models\\Kecamatan":34:{s:13:"\0*\0connection";s:5:"mysql";s:8:"\0*\0table";s:10:"kecamatans";s:13:"\0*\0primaryKey";s:2:"id";s:10:"\0*\0keyType";s:3:"int";s:12:"incrementing";b:1;s:7:"\0*\0with";a:0:{}s:12:"\0*\0withCount";a:0:{}s:19:"preventsLazyLoading";b:0;s:10:"\0*\0perPage";i:15;s:6:"exists";b:1;s:18:"wasRecentlyCreated";b:0;s:28:"\0*\0escapeWhenCastingToString";b:0;s:13:"\0*\0attributes";a:2:{s:2:"id";i:17;s:9:"kecamatan";s:13:"samboja barat";}s:11:"\0*\0original";a:2:{s:2:"id";i:17;s:9:"kecamatan";s:13:"samboja barat";}s:10:"\0*\0changes";a:0:{}s:11:"\0*\0previous";a:0:{}s:8:"\0*\0casts";a:1:{s:10:"deleted_at";s:8:"datetime";}s:17:"\0*\0classCastCache";a:0:{}s:21:"\0*\0attributeCastCache";a:0:{}s:13:"\0*\0dateFormat";N;s:10:"\0*\0appends";a:0:{}s:19:"\0*\0dispatchesEvents";a:0:{}s:14:"\0*\0observables";a:0:{}s:12:"\0*\0relations";a:0:{}s:10:"\0*\0touches";a:0:{}s:27:"\0*\0relationAutoloadCallback";N;s:26:"\0*\0relationAutoloadContext";N;s:10:"timestamps";b:1;s:13:"usesUniqueIds";b:0;s:9:"\0*\0hidden";a:0:{}s:10:"\0*\0visible";a:0:{}s:11:"\0*\0fillable";a:1:{i:0;s:9:"kecamatan";}s:10:"\0*\0guarded";a:1:{i:0;s:1:"*";}s:16:"\0*\0forceDeleting";b:0;}i:17;O:20:"App\\Models\\Kecamatan":34:{s:13:"\0*\0connection";s:5:"mysql";s:8:"\0*\0table";s:10:"kecamatans";s:13:"\0*\0primaryKey";s:2:"id";s:10:"\0*\0keyType";s:3:"int";s:12:"incrementing";b:1;s:7:"\0*\0with";a:0:{}s:12:"\0*\0withCount";a:0:{}s:19:"preventsLazyLoading";b:0;s:10:"\0*\0perPage";i:15;s:6:"exists";b:1;s:18:"wasRecentlyCreated";b:0;s:28:"\0*\0escapeWhenCastingToString";b:0;s:13:"\0*\0attributes";a:2:{s:2:"id";i:18;s:9:"kecamatan";s:6:"tabang";}s:11:"\0*\0original";a:2:{s:2:"id";i:18;s:9:"kecamatan";s:6:"tabang";}s:10:"\0*\0changes";a:0:{}s:11:"\0*\0previous";a:0:{}s:8:"\0*\0casts";a:1:{s:10:"deleted_at";s:8:"datetime";}s:17:"\0*\0classCastCache";a:0:{}s:21:"\0*\0attributeCastCache";a:0:{}s:13:"\0*\0dateFormat";N;s:10:"\0*\0appends";a:0:{}s:19:"\0*\0dispatchesEvents";a:0:{}s:14:"\0*\0observables";a:0:{}s:12:"\0*\0relations";a:0:{}s:10:"\0*\0touches";a:0:{}s:27:"\0*\0relationAutoloadCallback";N;s:26:"\0*\0relationAutoloadContext";N;s:10:"timestamps";b:1;s:13:"usesUniqueIds";b:0;s:9:"\0*\0hidden";a:0:{}s:10:"\0*\0visible";a:0:{}s:11:"\0*\0fillable";a:1:{i:0;s:9:"kecamatan";}s:10:"\0*\0guarded";a:1:{i:0;s:1:"*";}s:16:"\0*\0forceDeleting";b:0;}i:18;O:20:"App\\Models\\Kecamatan":34:{s:13:"\0*\0connection";s:5:"mysql";s:8:"\0*\0table";s:10:"kecamatans";s:13:"\0*\0primaryKey";s:2:"id";s:10:"\0*\0keyType";s:3:"int";s:12:"incrementing";b:1;s:7:"\0*\0with";a:0:{}s:12:"\0*\0withCount";a:0:{}s:19:"preventsLazyLoading";b:0;s:10:"\0*\0perPage";i:15;s:6:"exists";b:1;s:18:"wasRecentlyCreated";b:0;s:28:"\0*\0escapeWhenCastingToString";b:0;s:13:"\0*\0attributes";a:2:{s:2:"id";i:19;s:9:"kecamatan";s:10:"tenggarong";}s:11:"\0*\0original";a:2:{s:2:"id";i:19;s:9:"kecamatan";s:10:"tenggarong";}s:10:"\0*\0changes";a:0:{}s:11:"\0*\0previous";a:0:{}s:8:"\0*\0casts";a:1:{s:10:"deleted_at";s:8:"datetime";}s:17:"\0*\0classCastCache";a:0:{}s:21:"\0*\0attributeCastCache";a:0:{}s:13:"\0*\0dateFormat";N;s:10:"\0*\0appends";a:0:{}s:19:"\0*\0dispatchesEvents";a:0:{}s:14:"\0*\0observables";a:0:{}s:12:"\0*\0relations";a:0:{}s:10:"\0*\0touches";a:0:{}s:27:"\0*\0relationAutoloadCallback";N;s:26:"\0*\0relationAutoloadContext";N;s:10:"timestamps";b:1;s:13:"usesUniqueIds";b:0;s:9:"\0*\0hidden";a:0:{}s:10:"\0*\0visible";a:0:{}s:11:"\0*\0fillable";a:1:{i:0;s:9:"kecamatan";}s:10:"\0*\0guarded";a:1:{i:0;s:1:"*";}s:16:"\0*\0forceDeleting";b:0;}i:19;O:20:"App\\Models\\Kecamatan":34:{s:13:"\0*\0connection";s:5:"mysql";s:8:"\0*\0table";s:10:"kecamatans";s:13:"\0*\0primaryKey";s:2:"id";s:10:"\0*\0keyType";s:3:"int";s:12:"incrementing";b:1;s:7:"\0*\0with";a:0:{}s:12:"\0*\0withCount";a:0:{}s:19:"preventsLazyLoading";b:0;s:10:"\0*\0perPage";i:15;s:6:"exists";b:1;s:18:"wasRecentlyCreated";b:0;s:28:"\0*\0escapeWhenCastingToString";b:0;s:13:"\0*\0attributes";a:2:{s:2:"id";i:20;s:9:"kecamatan";s:19:"tenggarong seberang";}s:11:"\0*\0original";a:2:{s:2:"id";i:20;s:9:"kecamatan";s:19:"tenggarong seberang";}s:10:"\0*\0changes";a:0:{}s:11:"\0*\0previous";a:0:{}s:8:"\0*\0casts";a:1:{s:10:"deleted_at";s:8:"datetime";}s:17:"\0*\0classCastCache";a:0:{}s:21:"\0*\0attributeCastCache";a:0:{}s:13:"\0*\0dateFormat";N;s:10:"\0*\0appends";a:0:{}s:19:"\0*\0dispatchesEvents";a:0:{}s:14:"\0*\0observables";a:0:{}s:12:"\0*\0relations";a:0:{}s:10:"\0*\0touches";a:0:{}s:27:"\0*\0relationAutoloadCallback";N;s:26:"\0*\0relationAutoloadContext";N;s:10:"timestamps";b:1;s:13:"usesUniqueIds";b:0;s:9:"\0*\0hidden";a:0:{}s:10:"\0*\0visible";a:0:{}s:11:"\0*\0fillable";a:1:{i:0;s:9:"kecamatan";}s:10:"\0*\0guarded";a:1:{i:0;s:1:"*";}s:16:"\0*\0forceDeleting";b:0;}}s:28:"\0*\0escapeWhenCastingToString";b:0;}', 1762506127),
	('laravel-cache-kecamatans_all', 'O:39:"Illuminate\\Database\\Eloquent\\Collection":2:{s:8:"\0*\0items";a:20:{i:0;O:20:"App\\Models\\Kecamatan":34:{s:13:"\0*\0connection";s:5:"mysql";s:8:"\0*\0table";s:10:"kecamatans";s:13:"\0*\0primaryKey";s:2:"id";s:10:"\0*\0keyType";s:3:"int";s:12:"incrementing";b:1;s:7:"\0*\0with";a:0:{}s:12:"\0*\0withCount";a:0:{}s:19:"preventsLazyLoading";b:0;s:10:"\0*\0perPage";i:15;s:6:"exists";b:1;s:18:"wasRecentlyCreated";b:0;s:28:"\0*\0escapeWhenCastingToString";b:0;s:13:"\0*\0attributes";a:2:{s:2:"id";i:1;s:9:"kecamatan";s:7:"anggana";}s:11:"\0*\0original";a:2:{s:2:"id";i:1;s:9:"kecamatan";s:7:"anggana";}s:10:"\0*\0changes";a:0:{}s:11:"\0*\0previous";a:0:{}s:8:"\0*\0casts";a:1:{s:10:"deleted_at";s:8:"datetime";}s:17:"\0*\0classCastCache";a:0:{}s:21:"\0*\0attributeCastCache";a:0:{}s:13:"\0*\0dateFormat";N;s:10:"\0*\0appends";a:0:{}s:19:"\0*\0dispatchesEvents";a:0:{}s:14:"\0*\0observables";a:0:{}s:12:"\0*\0relations";a:0:{}s:10:"\0*\0touches";a:0:{}s:27:"\0*\0relationAutoloadCallback";N;s:26:"\0*\0relationAutoloadContext";N;s:10:"timestamps";b:1;s:13:"usesUniqueIds";b:0;s:9:"\0*\0hidden";a:0:{}s:10:"\0*\0visible";a:0:{}s:11:"\0*\0fillable";a:1:{i:0;s:9:"kecamatan";}s:10:"\0*\0guarded";a:1:{i:0;s:1:"*";}s:16:"\0*\0forceDeleting";b:0;}i:1;O:20:"App\\Models\\Kecamatan":34:{s:13:"\0*\0connection";s:5:"mysql";s:8:"\0*\0table";s:10:"kecamatans";s:13:"\0*\0primaryKey";s:2:"id";s:10:"\0*\0keyType";s:3:"int";s:12:"incrementing";b:1;s:7:"\0*\0with";a:0:{}s:12:"\0*\0withCount";a:0:{}s:19:"preventsLazyLoading";b:0;s:10:"\0*\0perPage";i:15;s:6:"exists";b:1;s:18:"wasRecentlyCreated";b:0;s:28:"\0*\0escapeWhenCastingToString";b:0;s:13:"\0*\0attributes";a:2:{s:2:"id";i:2;s:9:"kecamatan";s:15:"kembang janggut";}s:11:"\0*\0original";a:2:{s:2:"id";i:2;s:9:"kecamatan";s:15:"kembang janggut";}s:10:"\0*\0changes";a:0:{}s:11:"\0*\0previous";a:0:{}s:8:"\0*\0casts";a:1:{s:10:"deleted_at";s:8:"datetime";}s:17:"\0*\0classCastCache";a:0:{}s:21:"\0*\0attributeCastCache";a:0:{}s:13:"\0*\0dateFormat";N;s:10:"\0*\0appends";a:0:{}s:19:"\0*\0dispatchesEvents";a:0:{}s:14:"\0*\0observables";a:0:{}s:12:"\0*\0relations";a:0:{}s:10:"\0*\0touches";a:0:{}s:27:"\0*\0relationAutoloadCallback";N;s:26:"\0*\0relationAutoloadContext";N;s:10:"timestamps";b:1;s:13:"usesUniqueIds";b:0;s:9:"\0*\0hidden";a:0:{}s:10:"\0*\0visible";a:0:{}s:11:"\0*\0fillable";a:1:{i:0;s:9:"kecamatan";}s:10:"\0*\0guarded";a:1:{i:0;s:1:"*";}s:16:"\0*\0forceDeleting";b:0;}i:2;O:20:"App\\Models\\Kecamatan":34:{s:13:"\0*\0connection";s:5:"mysql";s:8:"\0*\0table";s:10:"kecamatans";s:13:"\0*\0primaryKey";s:2:"id";s:10:"\0*\0keyType";s:3:"int";s:12:"incrementing";b:1;s:7:"\0*\0with";a:0:{}s:12:"\0*\0withCount";a:0:{}s:19:"preventsLazyLoading";b:0;s:10:"\0*\0perPage";i:15;s:6:"exists";b:1;s:18:"wasRecentlyCreated";b:0;s:28:"\0*\0escapeWhenCastingToString";b:0;s:13:"\0*\0attributes";a:2:{s:2:"id";i:3;s:9:"kecamatan";s:7:"kenohan";}s:11:"\0*\0original";a:2:{s:2:"id";i:3;s:9:"kecamatan";s:7:"kenohan";}s:10:"\0*\0changes";a:0:{}s:11:"\0*\0previous";a:0:{}s:8:"\0*\0casts";a:1:{s:10:"deleted_at";s:8:"datetime";}s:17:"\0*\0classCastCache";a:0:{}s:21:"\0*\0attributeCastCache";a:0:{}s:13:"\0*\0dateFormat";N;s:10:"\0*\0appends";a:0:{}s:19:"\0*\0dispatchesEvents";a:0:{}s:14:"\0*\0observables";a:0:{}s:12:"\0*\0relations";a:0:{}s:10:"\0*\0touches";a:0:{}s:27:"\0*\0relationAutoloadCallback";N;s:26:"\0*\0relationAutoloadContext";N;s:10:"timestamps";b:1;s:13:"usesUniqueIds";b:0;s:9:"\0*\0hidden";a:0:{}s:10:"\0*\0visible";a:0:{}s:11:"\0*\0fillable";a:1:{i:0;s:9:"kecamatan";}s:10:"\0*\0guarded";a:1:{i:0;s:1:"*";}s:16:"\0*\0forceDeleting";b:0;}i:3;O:20:"App\\Models\\Kecamatan":34:{s:13:"\0*\0connection";s:5:"mysql";s:8:"\0*\0table";s:10:"kecamatans";s:13:"\0*\0primaryKey";s:2:"id";s:10:"\0*\0keyType";s:3:"int";s:12:"incrementing";b:1;s:7:"\0*\0with";a:0:{}s:12:"\0*\0withCount";a:0:{}s:19:"preventsLazyLoading";b:0;s:10:"\0*\0perPage";i:15;s:6:"exists";b:1;s:18:"wasRecentlyCreated";b:0;s:28:"\0*\0escapeWhenCastingToString";b:0;s:13:"\0*\0attributes";a:2:{s:2:"id";i:4;s:9:"kecamatan";s:11:"kota bangun";}s:11:"\0*\0original";a:2:{s:2:"id";i:4;s:9:"kecamatan";s:11:"kota bangun";}s:10:"\0*\0changes";a:0:{}s:11:"\0*\0previous";a:0:{}s:8:"\0*\0casts";a:1:{s:10:"deleted_at";s:8:"datetime";}s:17:"\0*\0classCastCache";a:0:{}s:21:"\0*\0attributeCastCache";a:0:{}s:13:"\0*\0dateFormat";N;s:10:"\0*\0appends";a:0:{}s:19:"\0*\0dispatchesEvents";a:0:{}s:14:"\0*\0observables";a:0:{}s:12:"\0*\0relations";a:0:{}s:10:"\0*\0touches";a:0:{}s:27:"\0*\0relationAutoloadCallback";N;s:26:"\0*\0relationAutoloadContext";N;s:10:"timestamps";b:1;s:13:"usesUniqueIds";b:0;s:9:"\0*\0hidden";a:0:{}s:10:"\0*\0visible";a:0:{}s:11:"\0*\0fillable";a:1:{i:0;s:9:"kecamatan";}s:10:"\0*\0guarded";a:1:{i:0;s:1:"*";}s:16:"\0*\0forceDeleting";b:0;}i:4;O:20:"App\\Models\\Kecamatan":34:{s:13:"\0*\0connection";s:5:"mysql";s:8:"\0*\0table";s:10:"kecamatans";s:13:"\0*\0primaryKey";s:2:"id";s:10:"\0*\0keyType";s:3:"int";s:12:"incrementing";b:1;s:7:"\0*\0with";a:0:{}s:12:"\0*\0withCount";a:0:{}s:19:"preventsLazyLoading";b:0;s:10:"\0*\0perPage";i:15;s:6:"exists";b:1;s:18:"wasRecentlyCreated";b:0;s:28:"\0*\0escapeWhenCastingToString";b:0;s:13:"\0*\0attributes";a:2:{s:2:"id";i:5;s:9:"kecamatan";s:17:"kota bangun darat";}s:11:"\0*\0original";a:2:{s:2:"id";i:5;s:9:"kecamatan";s:17:"kota bangun darat";}s:10:"\0*\0changes";a:0:{}s:11:"\0*\0previous";a:0:{}s:8:"\0*\0casts";a:1:{s:10:"deleted_at";s:8:"datetime";}s:17:"\0*\0classCastCache";a:0:{}s:21:"\0*\0attributeCastCache";a:0:{}s:13:"\0*\0dateFormat";N;s:10:"\0*\0appends";a:0:{}s:19:"\0*\0dispatchesEvents";a:0:{}s:14:"\0*\0observables";a:0:{}s:12:"\0*\0relations";a:0:{}s:10:"\0*\0touches";a:0:{}s:27:"\0*\0relationAutoloadCallback";N;s:26:"\0*\0relationAutoloadContext";N;s:10:"timestamps";b:1;s:13:"usesUniqueIds";b:0;s:9:"\0*\0hidden";a:0:{}s:10:"\0*\0visible";a:0:{}s:11:"\0*\0fillable";a:1:{i:0;s:9:"kecamatan";}s:10:"\0*\0guarded";a:1:{i:0;s:1:"*";}s:16:"\0*\0forceDeleting";b:0;}i:5;O:20:"App\\Models\\Kecamatan":34:{s:13:"\0*\0connection";s:5:"mysql";s:8:"\0*\0table";s:10:"kecamatans";s:13:"\0*\0primaryKey";s:2:"id";s:10:"\0*\0keyType";s:3:"int";s:12:"incrementing";b:1;s:7:"\0*\0with";a:0:{}s:12:"\0*\0withCount";a:0:{}s:19:"preventsLazyLoading";b:0;s:10:"\0*\0perPage";i:15;s:6:"exists";b:1;s:18:"wasRecentlyCreated";b:0;s:28:"\0*\0escapeWhenCastingToString";b:0;s:13:"\0*\0attributes";a:2:{s:2:"id";i:6;s:9:"kecamatan";s:9:"loa janan";}s:11:"\0*\0original";a:2:{s:2:"id";i:6;s:9:"kecamatan";s:9:"loa janan";}s:10:"\0*\0changes";a:0:{}s:11:"\0*\0previous";a:0:{}s:8:"\0*\0casts";a:1:{s:10:"deleted_at";s:8:"datetime";}s:17:"\0*\0classCastCache";a:0:{}s:21:"\0*\0attributeCastCache";a:0:{}s:13:"\0*\0dateFormat";N;s:10:"\0*\0appends";a:0:{}s:19:"\0*\0dispatchesEvents";a:0:{}s:14:"\0*\0observables";a:0:{}s:12:"\0*\0relations";a:0:{}s:10:"\0*\0touches";a:0:{}s:27:"\0*\0relationAutoloadCallback";N;s:26:"\0*\0relationAutoloadContext";N;s:10:"timestamps";b:1;s:13:"usesUniqueIds";b:0;s:9:"\0*\0hidden";a:0:{}s:10:"\0*\0visible";a:0:{}s:11:"\0*\0fillable";a:1:{i:0;s:9:"kecamatan";}s:10:"\0*\0guarded";a:1:{i:0;s:1:"*";}s:16:"\0*\0forceDeleting";b:0;}i:6;O:20:"App\\Models\\Kecamatan":34:{s:13:"\0*\0connection";s:5:"mysql";s:8:"\0*\0table";s:10:"kecamatans";s:13:"\0*\0primaryKey";s:2:"id";s:10:"\0*\0keyType";s:3:"int";s:12:"incrementing";b:1;s:7:"\0*\0with";a:0:{}s:12:"\0*\0withCount";a:0:{}s:19:"preventsLazyLoading";b:0;s:10:"\0*\0perPage";i:15;s:6:"exists";b:1;s:18:"wasRecentlyCreated";b:0;s:28:"\0*\0escapeWhenCastingToString";b:0;s:13:"\0*\0attributes";a:2:{s:2:"id";i:7;s:9:"kecamatan";s:8:"loa kulu";}s:11:"\0*\0original";a:2:{s:2:"id";i:7;s:9:"kecamatan";s:8:"loa kulu";}s:10:"\0*\0changes";a:0:{}s:11:"\0*\0previous";a:0:{}s:8:"\0*\0casts";a:1:{s:10:"deleted_at";s:8:"datetime";}s:17:"\0*\0classCastCache";a:0:{}s:21:"\0*\0attributeCastCache";a:0:{}s:13:"\0*\0dateFormat";N;s:10:"\0*\0appends";a:0:{}s:19:"\0*\0dispatchesEvents";a:0:{}s:14:"\0*\0observables";a:0:{}s:12:"\0*\0relations";a:0:{}s:10:"\0*\0touches";a:0:{}s:27:"\0*\0relationAutoloadCallback";N;s:26:"\0*\0relationAutoloadContext";N;s:10:"timestamps";b:1;s:13:"usesUniqueIds";b:0;s:9:"\0*\0hidden";a:0:{}s:10:"\0*\0visible";a:0:{}s:11:"\0*\0fillable";a:1:{i:0;s:9:"kecamatan";}s:10:"\0*\0guarded";a:1:{i:0;s:1:"*";}s:16:"\0*\0forceDeleting";b:0;}i:7;O:20:"App\\Models\\Kecamatan":34:{s:13:"\0*\0connection";s:5:"mysql";s:8:"\0*\0table";s:10:"kecamatans";s:13:"\0*\0primaryKey";s:2:"id";s:10:"\0*\0keyType";s:3:"int";s:12:"incrementing";b:1;s:7:"\0*\0with";a:0:{}s:12:"\0*\0withCount";a:0:{}s:19:"preventsLazyLoading";b:0;s:10:"\0*\0perPage";i:15;s:6:"exists";b:1;s:18:"wasRecentlyCreated";b:0;s:28:"\0*\0escapeWhenCastingToString";b:0;s:13:"\0*\0attributes";a:2:{s:2:"id";i:8;s:9:"kecamatan";s:10:"marangkayu";}s:11:"\0*\0original";a:2:{s:2:"id";i:8;s:9:"kecamatan";s:10:"marangkayu";}s:10:"\0*\0changes";a:0:{}s:11:"\0*\0previous";a:0:{}s:8:"\0*\0casts";a:1:{s:10:"deleted_at";s:8:"datetime";}s:17:"\0*\0classCastCache";a:0:{}s:21:"\0*\0attributeCastCache";a:0:{}s:13:"\0*\0dateFormat";N;s:10:"\0*\0appends";a:0:{}s:19:"\0*\0dispatchesEvents";a:0:{}s:14:"\0*\0observables";a:0:{}s:12:"\0*\0relations";a:0:{}s:10:"\0*\0touches";a:0:{}s:27:"\0*\0relationAutoloadCallback";N;s:26:"\0*\0relationAutoloadContext";N;s:10:"timestamps";b:1;s:13:"usesUniqueIds";b:0;s:9:"\0*\0hidden";a:0:{}s:10:"\0*\0visible";a:0:{}s:11:"\0*\0fillable";a:1:{i:0;s:9:"kecamatan";}s:10:"\0*\0guarded";a:1:{i:0;s:1:"*";}s:16:"\0*\0forceDeleting";b:0;}i:8;O:20:"App\\Models\\Kecamatan":34:{s:13:"\0*\0connection";s:5:"mysql";s:8:"\0*\0table";s:10:"kecamatans";s:13:"\0*\0primaryKey";s:2:"id";s:10:"\0*\0keyType";s:3:"int";s:12:"incrementing";b:1;s:7:"\0*\0with";a:0:{}s:12:"\0*\0withCount";a:0:{}s:19:"preventsLazyLoading";b:0;s:10:"\0*\0perPage";i:15;s:6:"exists";b:1;s:18:"wasRecentlyCreated";b:0;s:28:"\0*\0escapeWhenCastingToString";b:0;s:13:"\0*\0attributes";a:2:{s:2:"id";i:9;s:9:"kecamatan";s:11:"muara badak";}s:11:"\0*\0original";a:2:{s:2:"id";i:9;s:9:"kecamatan";s:11:"muara badak";}s:10:"\0*\0changes";a:0:{}s:11:"\0*\0previous";a:0:{}s:8:"\0*\0casts";a:1:{s:10:"deleted_at";s:8:"datetime";}s:17:"\0*\0classCastCache";a:0:{}s:21:"\0*\0attributeCastCache";a:0:{}s:13:"\0*\0dateFormat";N;s:10:"\0*\0appends";a:0:{}s:19:"\0*\0dispatchesEvents";a:0:{}s:14:"\0*\0observables";a:0:{}s:12:"\0*\0relations";a:0:{}s:10:"\0*\0touches";a:0:{}s:27:"\0*\0relationAutoloadCallback";N;s:26:"\0*\0relationAutoloadContext";N;s:10:"timestamps";b:1;s:13:"usesUniqueIds";b:0;s:9:"\0*\0hidden";a:0:{}s:10:"\0*\0visible";a:0:{}s:11:"\0*\0fillable";a:1:{i:0;s:9:"kecamatan";}s:10:"\0*\0guarded";a:1:{i:0;s:1:"*";}s:16:"\0*\0forceDeleting";b:0;}i:9;O:20:"App\\Models\\Kecamatan":34:{s:13:"\0*\0connection";s:5:"mysql";s:8:"\0*\0table";s:10:"kecamatans";s:13:"\0*\0primaryKey";s:2:"id";s:10:"\0*\0keyType";s:3:"int";s:12:"incrementing";b:1;s:7:"\0*\0with";a:0:{}s:12:"\0*\0withCount";a:0:{}s:19:"preventsLazyLoading";b:0;s:10:"\0*\0perPage";i:15;s:6:"exists";b:1;s:18:"wasRecentlyCreated";b:0;s:28:"\0*\0escapeWhenCastingToString";b:0;s:13:"\0*\0attributes";a:2:{s:2:"id";i:10;s:9:"kecamatan";s:10:"muara jawa";}s:11:"\0*\0original";a:2:{s:2:"id";i:10;s:9:"kecamatan";s:10:"muara jawa";}s:10:"\0*\0changes";a:0:{}s:11:"\0*\0previous";a:0:{}s:8:"\0*\0casts";a:1:{s:10:"deleted_at";s:8:"datetime";}s:17:"\0*\0classCastCache";a:0:{}s:21:"\0*\0attributeCastCache";a:0:{}s:13:"\0*\0dateFormat";N;s:10:"\0*\0appends";a:0:{}s:19:"\0*\0dispatchesEvents";a:0:{}s:14:"\0*\0observables";a:0:{}s:12:"\0*\0relations";a:0:{}s:10:"\0*\0touches";a:0:{}s:27:"\0*\0relationAutoloadCallback";N;s:26:"\0*\0relationAutoloadContext";N;s:10:"timestamps";b:1;s:13:"usesUniqueIds";b:0;s:9:"\0*\0hidden";a:0:{}s:10:"\0*\0visible";a:0:{}s:11:"\0*\0fillable";a:1:{i:0;s:9:"kecamatan";}s:10:"\0*\0guarded";a:1:{i:0;s:1:"*";}s:16:"\0*\0forceDeleting";b:0;}i:10;O:20:"App\\Models\\Kecamatan":34:{s:13:"\0*\0connection";s:5:"mysql";s:8:"\0*\0table";s:10:"kecamatans";s:13:"\0*\0primaryKey";s:2:"id";s:10:"\0*\0keyType";s:3:"int";s:12:"incrementing";b:1;s:7:"\0*\0with";a:0:{}s:12:"\0*\0withCount";a:0:{}s:19:"preventsLazyLoading";b:0;s:10:"\0*\0perPage";i:15;s:6:"exists";b:1;s:18:"wasRecentlyCreated";b:0;s:28:"\0*\0escapeWhenCastingToString";b:0;s:13:"\0*\0attributes";a:2:{s:2:"id";i:11;s:9:"kecamatan";s:11:"muara kaman";}s:11:"\0*\0original";a:2:{s:2:"id";i:11;s:9:"kecamatan";s:11:"muara kaman";}s:10:"\0*\0changes";a:0:{}s:11:"\0*\0previous";a:0:{}s:8:"\0*\0casts";a:1:{s:10:"deleted_at";s:8:"datetime";}s:17:"\0*\0classCastCache";a:0:{}s:21:"\0*\0attributeCastCache";a:0:{}s:13:"\0*\0dateFormat";N;s:10:"\0*\0appends";a:0:{}s:19:"\0*\0dispatchesEvents";a:0:{}s:14:"\0*\0observables";a:0:{}s:12:"\0*\0relations";a:0:{}s:10:"\0*\0touches";a:0:{}s:27:"\0*\0relationAutoloadCallback";N;s:26:"\0*\0relationAutoloadContext";N;s:10:"timestamps";b:1;s:13:"usesUniqueIds";b:0;s:9:"\0*\0hidden";a:0:{}s:10:"\0*\0visible";a:0:{}s:11:"\0*\0fillable";a:1:{i:0;s:9:"kecamatan";}s:10:"\0*\0guarded";a:1:{i:0;s:1:"*";}s:16:"\0*\0forceDeleting";b:0;}i:11;O:20:"App\\Models\\Kecamatan":34:{s:13:"\0*\0connection";s:5:"mysql";s:8:"\0*\0table";s:10:"kecamatans";s:13:"\0*\0primaryKey";s:2:"id";s:10:"\0*\0keyType";s:3:"int";s:12:"incrementing";b:1;s:7:"\0*\0with";a:0:{}s:12:"\0*\0withCount";a:0:{}s:19:"preventsLazyLoading";b:0;s:10:"\0*\0perPage";i:15;s:6:"exists";b:1;s:18:"wasRecentlyCreated";b:0;s:28:"\0*\0escapeWhenCastingToString";b:0;s:13:"\0*\0attributes";a:2:{s:2:"id";i:12;s:9:"kecamatan";s:12:"muara muntai";}s:11:"\0*\0original";a:2:{s:2:"id";i:12;s:9:"kecamatan";s:12:"muara muntai";}s:10:"\0*\0changes";a:0:{}s:11:"\0*\0previous";a:0:{}s:8:"\0*\0casts";a:1:{s:10:"deleted_at";s:8:"datetime";}s:17:"\0*\0classCastCache";a:0:{}s:21:"\0*\0attributeCastCache";a:0:{}s:13:"\0*\0dateFormat";N;s:10:"\0*\0appends";a:0:{}s:19:"\0*\0dispatchesEvents";a:0:{}s:14:"\0*\0observables";a:0:{}s:12:"\0*\0relations";a:0:{}s:10:"\0*\0touches";a:0:{}s:27:"\0*\0relationAutoloadCallback";N;s:26:"\0*\0relationAutoloadContext";N;s:10:"timestamps";b:1;s:13:"usesUniqueIds";b:0;s:9:"\0*\0hidden";a:0:{}s:10:"\0*\0visible";a:0:{}s:11:"\0*\0fillable";a:1:{i:0;s:9:"kecamatan";}s:10:"\0*\0guarded";a:1:{i:0;s:1:"*";}s:16:"\0*\0forceDeleting";b:0;}i:12;O:20:"App\\Models\\Kecamatan":34:{s:13:"\0*\0connection";s:5:"mysql";s:8:"\0*\0table";s:10:"kecamatans";s:13:"\0*\0primaryKey";s:2:"id";s:10:"\0*\0keyType";s:3:"int";s:12:"incrementing";b:1;s:7:"\0*\0with";a:0:{}s:12:"\0*\0withCount";a:0:{}s:19:"preventsLazyLoading";b:0;s:10:"\0*\0perPage";i:15;s:6:"exists";b:1;s:18:"wasRecentlyCreated";b:0;s:28:"\0*\0escapeWhenCastingToString";b:0;s:13:"\0*\0attributes";a:2:{s:2:"id";i:13;s:9:"kecamatan";s:9:"muara wis";}s:11:"\0*\0original";a:2:{s:2:"id";i:13;s:9:"kecamatan";s:9:"muara wis";}s:10:"\0*\0changes";a:0:{}s:11:"\0*\0previous";a:0:{}s:8:"\0*\0casts";a:1:{s:10:"deleted_at";s:8:"datetime";}s:17:"\0*\0classCastCache";a:0:{}s:21:"\0*\0attributeCastCache";a:0:{}s:13:"\0*\0dateFormat";N;s:10:"\0*\0appends";a:0:{}s:19:"\0*\0dispatchesEvents";a:0:{}s:14:"\0*\0observables";a:0:{}s:12:"\0*\0relations";a:0:{}s:10:"\0*\0touches";a:0:{}s:27:"\0*\0relationAutoloadCallback";N;s:26:"\0*\0relationAutoloadContext";N;s:10:"timestamps";b:1;s:13:"usesUniqueIds";b:0;s:9:"\0*\0hidden";a:0:{}s:10:"\0*\0visible";a:0:{}s:11:"\0*\0fillable";a:1:{i:0;s:9:"kecamatan";}s:10:"\0*\0guarded";a:1:{i:0;s:1:"*";}s:16:"\0*\0forceDeleting";b:0;}i:13;O:20:"App\\Models\\Kecamatan":34:{s:13:"\0*\0connection";s:5:"mysql";s:8:"\0*\0table";s:10:"kecamatans";s:13:"\0*\0primaryKey";s:2:"id";s:10:"\0*\0keyType";s:3:"int";s:12:"incrementing";b:1;s:7:"\0*\0with";a:0:{}s:12:"\0*\0withCount";a:0:{}s:19:"preventsLazyLoading";b:0;s:10:"\0*\0perPage";i:15;s:6:"exists";b:1;s:18:"wasRecentlyCreated";b:0;s:28:"\0*\0escapeWhenCastingToString";b:0;s:13:"\0*\0attributes";a:2:{s:2:"id";i:14;s:9:"kecamatan";s:7:"samboja";}s:11:"\0*\0original";a:2:{s:2:"id";i:14;s:9:"kecamatan";s:7:"samboja";}s:10:"\0*\0changes";a:0:{}s:11:"\0*\0previous";a:0:{}s:8:"\0*\0casts";a:1:{s:10:"deleted_at";s:8:"datetime";}s:17:"\0*\0classCastCache";a:0:{}s:21:"\0*\0attributeCastCache";a:0:{}s:13:"\0*\0dateFormat";N;s:10:"\0*\0appends";a:0:{}s:19:"\0*\0dispatchesEvents";a:0:{}s:14:"\0*\0observables";a:0:{}s:12:"\0*\0relations";a:0:{}s:10:"\0*\0touches";a:0:{}s:27:"\0*\0relationAutoloadCallback";N;s:26:"\0*\0relationAutoloadContext";N;s:10:"timestamps";b:1;s:13:"usesUniqueIds";b:0;s:9:"\0*\0hidden";a:0:{}s:10:"\0*\0visible";a:0:{}s:11:"\0*\0fillable";a:1:{i:0;s:9:"kecamatan";}s:10:"\0*\0guarded";a:1:{i:0;s:1:"*";}s:16:"\0*\0forceDeleting";b:0;}i:14;O:20:"App\\Models\\Kecamatan":34:{s:13:"\0*\0connection";s:5:"mysql";s:8:"\0*\0table";s:10:"kecamatans";s:13:"\0*\0primaryKey";s:2:"id";s:10:"\0*\0keyType";s:3:"int";s:12:"incrementing";b:1;s:7:"\0*\0with";a:0:{}s:12:"\0*\0withCount";a:0:{}s:19:"preventsLazyLoading";b:0;s:10:"\0*\0perPage";i:15;s:6:"exists";b:1;s:18:"wasRecentlyCreated";b:0;s:28:"\0*\0escapeWhenCastingToString";b:0;s:13:"\0*\0attributes";a:2:{s:2:"id";i:17;s:9:"kecamatan";s:13:"samboja barat";}s:11:"\0*\0original";a:2:{s:2:"id";i:17;s:9:"kecamatan";s:13:"samboja barat";}s:10:"\0*\0changes";a:0:{}s:11:"\0*\0previous";a:0:{}s:8:"\0*\0casts";a:1:{s:10:"deleted_at";s:8:"datetime";}s:17:"\0*\0classCastCache";a:0:{}s:21:"\0*\0attributeCastCache";a:0:{}s:13:"\0*\0dateFormat";N;s:10:"\0*\0appends";a:0:{}s:19:"\0*\0dispatchesEvents";a:0:{}s:14:"\0*\0observables";a:0:{}s:12:"\0*\0relations";a:0:{}s:10:"\0*\0touches";a:0:{}s:27:"\0*\0relationAutoloadCallback";N;s:26:"\0*\0relationAutoloadContext";N;s:10:"timestamps";b:1;s:13:"usesUniqueIds";b:0;s:9:"\0*\0hidden";a:0:{}s:10:"\0*\0visible";a:0:{}s:11:"\0*\0fillable";a:1:{i:0;s:9:"kecamatan";}s:10:"\0*\0guarded";a:1:{i:0;s:1:"*";}s:16:"\0*\0forceDeleting";b:0;}i:15;O:20:"App\\Models\\Kecamatan":34:{s:13:"\0*\0connection";s:5:"mysql";s:8:"\0*\0table";s:10:"kecamatans";s:13:"\0*\0primaryKey";s:2:"id";s:10:"\0*\0keyType";s:3:"int";s:12:"incrementing";b:1;s:7:"\0*\0with";a:0:{}s:12:"\0*\0withCount";a:0:{}s:19:"preventsLazyLoading";b:0;s:10:"\0*\0perPage";i:15;s:6:"exists";b:1;s:18:"wasRecentlyCreated";b:0;s:28:"\0*\0escapeWhenCastingToString";b:0;s:13:"\0*\0attributes";a:2:{s:2:"id";i:15;s:9:"kecamatan";s:10:"sangasanga";}s:11:"\0*\0original";a:2:{s:2:"id";i:15;s:9:"kecamatan";s:10:"sangasanga";}s:10:"\0*\0changes";a:0:{}s:11:"\0*\0previous";a:0:{}s:8:"\0*\0casts";a:1:{s:10:"deleted_at";s:8:"datetime";}s:17:"\0*\0classCastCache";a:0:{}s:21:"\0*\0attributeCastCache";a:0:{}s:13:"\0*\0dateFormat";N;s:10:"\0*\0appends";a:0:{}s:19:"\0*\0dispatchesEvents";a:0:{}s:14:"\0*\0observables";a:0:{}s:12:"\0*\0relations";a:0:{}s:10:"\0*\0touches";a:0:{}s:27:"\0*\0relationAutoloadCallback";N;s:26:"\0*\0relationAutoloadContext";N;s:10:"timestamps";b:1;s:13:"usesUniqueIds";b:0;s:9:"\0*\0hidden";a:0:{}s:10:"\0*\0visible";a:0:{}s:11:"\0*\0fillable";a:1:{i:0;s:9:"kecamatan";}s:10:"\0*\0guarded";a:1:{i:0;s:1:"*";}s:16:"\0*\0forceDeleting";b:0;}i:16;O:20:"App\\Models\\Kecamatan":34:{s:13:"\0*\0connection";s:5:"mysql";s:8:"\0*\0table";s:10:"kecamatans";s:13:"\0*\0primaryKey";s:2:"id";s:10:"\0*\0keyType";s:3:"int";s:12:"incrementing";b:1;s:7:"\0*\0with";a:0:{}s:12:"\0*\0withCount";a:0:{}s:19:"preventsLazyLoading";b:0;s:10:"\0*\0perPage";i:15;s:6:"exists";b:1;s:18:"wasRecentlyCreated";b:0;s:28:"\0*\0escapeWhenCastingToString";b:0;s:13:"\0*\0attributes";a:2:{s:2:"id";i:16;s:9:"kecamatan";s:6:"sebulu";}s:11:"\0*\0original";a:2:{s:2:"id";i:16;s:9:"kecamatan";s:6:"sebulu";}s:10:"\0*\0changes";a:0:{}s:11:"\0*\0previous";a:0:{}s:8:"\0*\0casts";a:1:{s:10:"deleted_at";s:8:"datetime";}s:17:"\0*\0classCastCache";a:0:{}s:21:"\0*\0attributeCastCache";a:0:{}s:13:"\0*\0dateFormat";N;s:10:"\0*\0appends";a:0:{}s:19:"\0*\0dispatchesEvents";a:0:{}s:14:"\0*\0observables";a:0:{}s:12:"\0*\0relations";a:0:{}s:10:"\0*\0touches";a:0:{}s:27:"\0*\0relationAutoloadCallback";N;s:26:"\0*\0relationAutoloadContext";N;s:10:"timestamps";b:1;s:13:"usesUniqueIds";b:0;s:9:"\0*\0hidden";a:0:{}s:10:"\0*\0visible";a:0:{}s:11:"\0*\0fillable";a:1:{i:0;s:9:"kecamatan";}s:10:"\0*\0guarded";a:1:{i:0;s:1:"*";}s:16:"\0*\0forceDeleting";b:0;}i:17;O:20:"App\\Models\\Kecamatan":34:{s:13:"\0*\0connection";s:5:"mysql";s:8:"\0*\0table";s:10:"kecamatans";s:13:"\0*\0primaryKey";s:2:"id";s:10:"\0*\0keyType";s:3:"int";s:12:"incrementing";b:1;s:7:"\0*\0with";a:0:{}s:12:"\0*\0withCount";a:0:{}s:19:"preventsLazyLoading";b:0;s:10:"\0*\0perPage";i:15;s:6:"exists";b:1;s:18:"wasRecentlyCreated";b:0;s:28:"\0*\0escapeWhenCastingToString";b:0;s:13:"\0*\0attributes";a:2:{s:2:"id";i:18;s:9:"kecamatan";s:6:"tabang";}s:11:"\0*\0original";a:2:{s:2:"id";i:18;s:9:"kecamatan";s:6:"tabang";}s:10:"\0*\0changes";a:0:{}s:11:"\0*\0previous";a:0:{}s:8:"\0*\0casts";a:1:{s:10:"deleted_at";s:8:"datetime";}s:17:"\0*\0classCastCache";a:0:{}s:21:"\0*\0attributeCastCache";a:0:{}s:13:"\0*\0dateFormat";N;s:10:"\0*\0appends";a:0:{}s:19:"\0*\0dispatchesEvents";a:0:{}s:14:"\0*\0observables";a:0:{}s:12:"\0*\0relations";a:0:{}s:10:"\0*\0touches";a:0:{}s:27:"\0*\0relationAutoloadCallback";N;s:26:"\0*\0relationAutoloadContext";N;s:10:"timestamps";b:1;s:13:"usesUniqueIds";b:0;s:9:"\0*\0hidden";a:0:{}s:10:"\0*\0visible";a:0:{}s:11:"\0*\0fillable";a:1:{i:0;s:9:"kecamatan";}s:10:"\0*\0guarded";a:1:{i:0;s:1:"*";}s:16:"\0*\0forceDeleting";b:0;}i:18;O:20:"App\\Models\\Kecamatan":34:{s:13:"\0*\0connection";s:5:"mysql";s:8:"\0*\0table";s:10:"kecamatans";s:13:"\0*\0primaryKey";s:2:"id";s:10:"\0*\0keyType";s:3:"int";s:12:"incrementing";b:1;s:7:"\0*\0with";a:0:{}s:12:"\0*\0withCount";a:0:{}s:19:"preventsLazyLoading";b:0;s:10:"\0*\0perPage";i:15;s:6:"exists";b:1;s:18:"wasRecentlyCreated";b:0;s:28:"\0*\0escapeWhenCastingToString";b:0;s:13:"\0*\0attributes";a:2:{s:2:"id";i:19;s:9:"kecamatan";s:10:"tenggarong";}s:11:"\0*\0original";a:2:{s:2:"id";i:19;s:9:"kecamatan";s:10:"tenggarong";}s:10:"\0*\0changes";a:0:{}s:11:"\0*\0previous";a:0:{}s:8:"\0*\0casts";a:1:{s:10:"deleted_at";s:8:"datetime";}s:17:"\0*\0classCastCache";a:0:{}s:21:"\0*\0attributeCastCache";a:0:{}s:13:"\0*\0dateFormat";N;s:10:"\0*\0appends";a:0:{}s:19:"\0*\0dispatchesEvents";a:0:{}s:14:"\0*\0observables";a:0:{}s:12:"\0*\0relations";a:0:{}s:10:"\0*\0touches";a:0:{}s:27:"\0*\0relationAutoloadCallback";N;s:26:"\0*\0relationAutoloadContext";N;s:10:"timestamps";b:1;s:13:"usesUniqueIds";b:0;s:9:"\0*\0hidden";a:0:{}s:10:"\0*\0visible";a:0:{}s:11:"\0*\0fillable";a:1:{i:0;s:9:"kecamatan";}s:10:"\0*\0guarded";a:1:{i:0;s:1:"*";}s:16:"\0*\0forceDeleting";b:0;}i:19;O:20:"App\\Models\\Kecamatan":34:{s:13:"\0*\0connection";s:5:"mysql";s:8:"\0*\0table";s:10:"kecamatans";s:13:"\0*\0primaryKey";s:2:"id";s:10:"\0*\0keyType";s:3:"int";s:12:"incrementing";b:1;s:7:"\0*\0with";a:0:{}s:12:"\0*\0withCount";a:0:{}s:19:"preventsLazyLoading";b:0;s:10:"\0*\0perPage";i:15;s:6:"exists";b:1;s:18:"wasRecentlyCreated";b:0;s:28:"\0*\0escapeWhenCastingToString";b:0;s:13:"\0*\0attributes";a:2:{s:2:"id";i:20;s:9:"kecamatan";s:19:"tenggarong seberang";}s:11:"\0*\0original";a:2:{s:2:"id";i:20;s:9:"kecamatan";s:19:"tenggarong seberang";}s:10:"\0*\0changes";a:0:{}s:11:"\0*\0previous";a:0:{}s:8:"\0*\0casts";a:1:{s:10:"deleted_at";s:8:"datetime";}s:17:"\0*\0classCastCache";a:0:{}s:21:"\0*\0attributeCastCache";a:0:{}s:13:"\0*\0dateFormat";N;s:10:"\0*\0appends";a:0:{}s:19:"\0*\0dispatchesEvents";a:0:{}s:14:"\0*\0observables";a:0:{}s:12:"\0*\0relations";a:0:{}s:10:"\0*\0touches";a:0:{}s:27:"\0*\0relationAutoloadCallback";N;s:26:"\0*\0relationAutoloadContext";N;s:10:"timestamps";b:1;s:13:"usesUniqueIds";b:0;s:9:"\0*\0hidden";a:0:{}s:10:"\0*\0visible";a:0:{}s:11:"\0*\0fillable";a:1:{i:0;s:9:"kecamatan";}s:10:"\0*\0guarded";a:1:{i:0;s:1:"*";}s:16:"\0*\0forceDeleting";b:0;}}s:28:"\0*\0escapeWhenCastingToString";b:0;}', 2077613894);

-- Dumping structure for table kemena10_bimas.cache_locks
DROP TABLE IF EXISTS `cache_locks`;
CREATE TABLE IF NOT EXISTS `cache_locks` (
  `key` varchar(255) COLLATE utf8mb4_unicode_ci NOT NULL,
  `owner` varchar(255) COLLATE utf8mb4_unicode_ci NOT NULL,
  `expiration` int NOT NULL,
  PRIMARY KEY (`key`)
) ENGINE=InnoDB DEFAULT CHARSET=utf8mb4 COLLATE=utf8mb4_unicode_ci;

-- Dumping data for table kemena10_bimas.cache_locks: ~0 rows (approximately)

-- Dumping structure for table kemena10_bimas.failed_jobs
DROP TABLE IF EXISTS `failed_jobs`;
CREATE TABLE IF NOT EXISTS `failed_jobs` (
  `id` bigint unsigned NOT NULL AUTO_INCREMENT,
  `uuid` varchar(255) COLLATE utf8mb4_unicode_ci NOT NULL,
  `connection` text COLLATE utf8mb4_unicode_ci NOT NULL,
  `queue` text COLLATE utf8mb4_unicode_ci NOT NULL,
  `payload` longtext COLLATE utf8mb4_unicode_ci NOT NULL,
  `exception` longtext COLLATE utf8mb4_unicode_ci NOT NULL,
  `failed_at` timestamp NOT NULL DEFAULT CURRENT_TIMESTAMP,
  PRIMARY KEY (`id`),
  UNIQUE KEY `failed_jobs_uuid_unique` (`uuid`)
) ENGINE=InnoDB DEFAULT CHARSET=utf8mb4 COLLATE=utf8mb4_unicode_ci;

-- Dumping data for table kemena10_bimas.failed_jobs: ~0 rows (approximately)

-- Dumping structure for table kemena10_bimas.jenis_rumah_ibadahs
DROP TABLE IF EXISTS `jenis_rumah_ibadahs`;
CREATE TABLE IF NOT EXISTS `jenis_rumah_ibadahs` (
  `id` bigint unsigned NOT NULL AUTO_INCREMENT,
  `jenis_rumah_ibadah` varchar(255) COLLATE utf8mb4_unicode_ci NOT NULL,
  `created_at` timestamp NULL DEFAULT NULL,
  `updated_at` timestamp NULL DEFAULT NULL,
  `deleted_at` timestamp NULL DEFAULT NULL,
  PRIMARY KEY (`id`),
  KEY `jenis_rumah_ibadahs_deleted_at_index` (`deleted_at`)
) ENGINE=InnoDB DEFAULT CHARSET=utf8mb4 COLLATE=utf8mb4_unicode_ci;

-- Dumping data for table kemena10_bimas.jenis_rumah_ibadahs: ~0 rows (approximately)

-- Dumping structure for table kemena10_bimas.jobs
DROP TABLE IF EXISTS `jobs`;
CREATE TABLE IF NOT EXISTS `jobs` (
  `id` bigint unsigned NOT NULL AUTO_INCREMENT,
  `queue` varchar(255) COLLATE utf8mb4_unicode_ci NOT NULL,
  `payload` longtext COLLATE utf8mb4_unicode_ci NOT NULL,
  `attempts` tinyint unsigned NOT NULL,
  `reserved_at` int unsigned DEFAULT NULL,
  `available_at` int unsigned NOT NULL,
  `created_at` int unsigned NOT NULL,
  PRIMARY KEY (`id`),
  KEY `jobs_queue_index` (`queue`)
) ENGINE=InnoDB DEFAULT CHARSET=utf8mb4 COLLATE=utf8mb4_unicode_ci;

-- Dumping data for table kemena10_bimas.jobs: ~0 rows (approximately)

-- Dumping structure for table kemena10_bimas.job_batches
DROP TABLE IF EXISTS `job_batches`;
CREATE TABLE IF NOT EXISTS `job_batches` (
  `id` varchar(255) COLLATE utf8mb4_unicode_ci NOT NULL,
  `name` varchar(255) COLLATE utf8mb4_unicode_ci NOT NULL,
  `total_jobs` int NOT NULL,
  `pending_jobs` int NOT NULL,
  `failed_jobs` int NOT NULL,
  `failed_job_ids` longtext COLLATE utf8mb4_unicode_ci NOT NULL,
  `options` mediumtext COLLATE utf8mb4_unicode_ci,
  `cancelled_at` int DEFAULT NULL,
  `created_at` int NOT NULL,
  `finished_at` int DEFAULT NULL,
  PRIMARY KEY (`id`)
) ENGINE=InnoDB DEFAULT CHARSET=utf8mb4 COLLATE=utf8mb4_unicode_ci;

-- Dumping data for table kemena10_bimas.job_batches: ~0 rows (approximately)

-- Dumping structure for table kemena10_bimas.kecamatans
DROP TABLE IF EXISTS `kecamatans`;
CREATE TABLE IF NOT EXISTS `kecamatans` (
  `id` bigint unsigned NOT NULL AUTO_INCREMENT,
  `kecamatan` varchar(255) COLLATE utf8mb4_unicode_ci NOT NULL,
  `created_at` timestamp NULL DEFAULT NULL,
  `updated_at` timestamp NULL DEFAULT NULL,
  `deleted_at` timestamp NULL DEFAULT NULL,
  PRIMARY KEY (`id`),
  KEY `kecamatans_deleted_at_index` (`deleted_at`),
  KEY `kecamatans_kecamatan_index` (`kecamatan`)
) ENGINE=InnoDB AUTO_INCREMENT=21 DEFAULT CHARSET=utf8mb4 COLLATE=utf8mb4_unicode_ci;

-- Dumping data for table kemena10_bimas.kecamatans: ~20 rows (approximately)
REPLACE INTO `kecamatans` (`id`, `kecamatan`, `created_at`, `updated_at`, `deleted_at`) VALUES
	(1, 'anggana', '2025-08-24 19:22:45', '2025-08-24 19:22:45', NULL),
	(2, 'kembang janggut', '2025-08-24 19:22:45', '2025-08-24 19:22:45', NULL),
	(3, 'kenohan', '2025-08-24 19:22:45', '2025-08-24 19:22:45', NULL),
	(4, 'kota bangun', '2025-08-24 19:22:45', '2025-08-24 19:22:45', NULL),
	(5, 'kota bangun darat', '2025-08-24 19:22:45', '2025-08-24 19:22:45', NULL),
	(6, 'loa janan', '2025-08-24 19:22:45', '2025-08-24 19:22:45', NULL),
	(7, 'loa kulu', '2025-08-24 19:22:45', '2025-08-24 19:22:45', NULL),
	(8, 'marangkayu', '2025-08-24 19:22:45', '2025-08-24 19:22:45', NULL),
	(9, 'muara badak', '2025-08-24 19:22:45', '2025-08-24 19:22:45', NULL),
	(10, 'muara jawa', '2025-08-24 19:22:45', '2025-08-24 19:22:45', NULL),
	(11, 'muara kaman', '2025-08-24 19:22:45', '2025-08-24 19:22:45', NULL),
	(12, 'muara muntai', '2025-08-24 19:22:45', '2025-08-24 19:22:45', NULL),
	(13, 'muara wis', '2025-08-24 19:22:45', '2025-08-24 19:22:45', NULL),
	(14, 'samboja', '2025-08-24 19:22:45', '2025-08-24 19:22:45', NULL),
	(15, 'sangasanga', '2025-08-24 19:22:45', '2025-08-24 19:22:45', NULL),
	(16, 'sebulu', '2025-08-24 19:22:45', '2025-08-24 19:22:45', NULL),
	(17, 'samboja barat', '2025-08-24 19:22:45', '2025-08-24 19:22:45', NULL),
	(18, 'tabang', '2025-08-24 19:22:45', '2025-08-24 19:22:45', NULL),
	(19, 'tenggarong', '2025-08-24 19:22:45', '2025-08-24 19:22:45', NULL),
	(20, 'tenggarong seberang', '2025-08-24 19:22:45', '2025-08-24 19:22:45', NULL);

-- Dumping structure for table kemena10_bimas.kelurahans
DROP TABLE IF EXISTS `kelurahans`;
CREATE TABLE IF NOT EXISTS `kelurahans` (
  `id` bigint unsigned NOT NULL AUTO_INCREMENT,
  `nama_kelurahan` varchar(255) COLLATE utf8mb4_unicode_ci NOT NULL,
  `kecamatan_id` bigint unsigned NOT NULL,
  `created_at` timestamp NULL DEFAULT NULL,
  `updated_at` timestamp NULL DEFAULT NULL,
  `deleted_at` timestamp NULL DEFAULT NULL,
  PRIMARY KEY (`id`),
  KEY `1` (`kecamatan_id`),
  KEY `kelurahans_deleted_at_index` (`deleted_at`),
  KEY `kelurahans_nama_kelurahan_index` (`nama_kelurahan`),
  KEY `kelurahans_id_kecamatan_id_index` (`id`,`kecamatan_id`),
  CONSTRAINT `1` FOREIGN KEY (`kecamatan_id`) REFERENCES `kecamatans` (`id`) ON DELETE CASCADE
) ENGINE=InnoDB AUTO_INCREMENT=237 DEFAULT CHARSET=utf8mb4 COLLATE=utf8mb4_unicode_ci;

-- Dumping data for table kemena10_bimas.kelurahans: ~236 rows (approximately)
REPLACE INTO `kelurahans` (`id`, `nama_kelurahan`, `kecamatan_id`, `created_at`, `updated_at`, `deleted_at`) VALUES
	(1, 'Anggana', 1, '2025-08-25 00:46:29', '2025-08-25 00:46:29', NULL),
	(2, 'Handil Terusan', 1, '2025-08-25 00:46:29', '2025-08-25 00:46:29', NULL),
	(3, 'Kutai Lama', 1, '2025-08-25 00:46:29', '2025-08-25 00:46:29', NULL),
	(4, 'Muara Pantuan', 1, '2025-08-25 00:46:29', '2025-08-25 00:46:29', NULL),
	(5, 'Sepatin', 1, '2025-08-25 00:46:29', '2025-08-25 00:46:29', NULL),
	(6, 'Sidomulyo', 1, '2025-08-25 00:46:29', '2025-08-25 00:46:29', NULL),
	(7, 'Sungai Mariam', 1, '2025-08-25 00:46:29', '2025-08-25 00:46:29', NULL),
	(8, 'Tani Baru', 1, '2025-08-25 00:46:29', '2025-08-25 00:46:29', NULL),
	(9, 'Bukit Layang', 2, '2025-08-25 00:46:29', '2025-08-25 00:46:29', NULL),
	(10, 'Genting Tanah', 2, '2025-08-25 00:46:29', '2025-08-25 00:46:29', NULL),
	(11, 'Hambau', 2, '2025-08-25 00:46:29', '2025-08-25 00:46:29', NULL),
	(12, 'Kelekat', 2, '2025-08-25 00:46:29', '2025-08-25 00:46:29', NULL),
	(13, 'Kembang Janggut', 2, '2025-08-25 00:46:29', '2025-08-25 00:46:29', NULL),
	(14, 'Loa Sakoh', 2, '2025-08-25 00:46:29', '2025-08-25 00:46:29', NULL),
	(15, 'Long Beleh Haloq', 2, '2025-08-25 00:46:29', '2025-08-25 00:46:29', NULL),
	(16, 'Long Beleh Modang', 2, '2025-08-25 00:46:29', '2025-08-25 00:46:29', NULL),
	(17, 'Muai', 2, '2025-08-25 00:46:29', '2025-08-25 00:46:29', NULL),
	(18, 'Perdana', 2, '2025-08-25 00:46:29', '2025-08-25 00:46:29', NULL),
	(19, 'Pulau Pinang', 2, '2025-08-25 00:46:29', '2025-08-25 00:46:29', NULL),
	(20, 'Kahala', 3, '2025-08-25 00:46:29', '2025-08-25 00:46:29', NULL),
	(21, 'Kahala Ilir', 3, '2025-08-25 00:46:29', '2025-08-25 00:46:29', NULL),
	(22, 'Lamin Pulut', 3, '2025-08-25 00:46:29', '2025-08-25 00:46:29', NULL),
	(23, 'Lamin Telihan', 3, '2025-08-25 00:46:29', '2025-08-25 00:46:29', NULL),
	(24, 'Semayang', 3, '2025-08-25 00:46:29', '2025-08-25 00:46:29', NULL),
	(25, 'Teluk Bingkai', 3, '2025-08-25 00:46:29', '2025-08-25 00:46:29', NULL),
	(26, 'Teluk Muda', 3, '2025-08-25 00:46:29', '2025-08-25 00:46:29', NULL),
	(27, 'Tuana Tuha', 3, '2025-08-25 00:46:29', '2025-08-25 00:46:29', NULL),
	(28, 'Tubuhan', 3, '2025-08-25 00:46:29', '2025-08-25 00:46:29', NULL),
	(29, 'Kedang Murung', 4, '2025-08-25 00:46:29', '2025-08-25 00:46:29', NULL),
	(30, 'Kota Bangun Seberang', 4, '2025-08-25 00:46:29', '2025-08-25 00:46:29', NULL),
	(31, 'Kota Bangun Ilir', 4, '2025-08-25 00:46:29', '2025-08-25 00:46:29', NULL),
	(32, 'Kota Bangun Ulu', 4, '2025-08-25 00:46:29', '2025-08-25 00:46:29', NULL),
	(33, 'Liang', 4, '2025-08-25 00:46:29', '2025-08-25 00:46:29', NULL),
	(34, 'Liang Ulu', 4, '2025-08-25 00:46:29', '2025-08-25 00:46:29', NULL),
	(35, 'Loleng', 4, '2025-08-25 00:46:29', '2025-08-25 00:46:29', NULL),
	(36, 'Pela', 4, '2025-08-25 00:46:29', '2025-08-25 00:46:29', NULL),
	(37, 'Muhuran', 4, '2025-08-25 00:46:29', '2025-08-25 00:46:29', NULL),
	(38, 'Sangkuliman', 4, '2025-08-25 00:46:29', '2025-08-25 00:46:29', NULL),
	(39, 'Sebelimbingan', 4, '2025-08-25 00:46:29', '2025-08-25 00:46:29', NULL),
	(40, 'Benua Baru', 5, '2025-08-25 00:46:29', '2025-08-25 00:46:29', NULL),
	(41, 'Kedang Ipil', 5, '2025-08-25 00:46:29', '2025-08-25 00:46:29', NULL),
	(42, 'Kota Bangun I', 5, '2025-08-25 00:46:29', '2025-08-25 00:46:29', NULL),
	(43, 'Kota Bangun II', 5, '2025-08-25 00:46:29', '2025-08-25 00:46:29', NULL),
	(44, 'Kota Bangun III', 5, '2025-08-25 00:46:29', '2025-08-25 00:46:29', NULL),
	(45, 'Sari Nadi', 5, '2025-08-25 00:46:29', '2025-08-25 00:46:29', NULL),
	(46, 'Sedulang', 5, '2025-08-25 00:46:29', '2025-08-25 00:46:29', NULL),
	(47, 'Sukabumi', 5, '2025-08-25 00:46:29', '2025-08-25 00:46:29', NULL),
	(48, 'Sumber Sari', 5, '2025-08-25 00:46:29', '2025-08-25 00:46:29', NULL),
	(49, 'Bakungan', 6, '2025-08-25 00:46:29', '2025-08-25 00:46:29', NULL),
	(50, 'Batuah', 6, '2025-08-25 00:46:29', '2025-08-25 00:46:29', NULL),
	(51, 'Loa Duri Ilir', 6, '2025-08-25 00:46:29', '2025-08-25 00:46:29', NULL),
	(52, 'Loa Duri Ulu', 6, '2025-08-25 00:46:29', '2025-08-25 00:46:29', NULL),
	(53, 'Loa Janan Ulu', 6, '2025-08-25 00:46:29', '2025-08-25 00:46:29', NULL),
	(54, 'Purwajaya', 6, '2025-08-25 00:46:29', '2025-08-25 00:46:29', NULL),
	(55, 'Tani Bhakti', 6, '2025-08-25 00:46:29', '2025-08-25 00:46:29', NULL),
	(56, 'Tani Harapan', 6, '2025-08-25 00:46:29', '2025-08-25 00:46:29', NULL),
	(57, 'Jonggon Desa', 7, '2025-08-25 00:46:29', '2025-08-25 00:46:29', NULL),
	(58, 'Sungai Payang', 7, '2025-08-25 00:46:29', '2025-08-25 00:46:29', NULL),
	(59, 'Jembayan', 7, '2025-08-25 00:46:29', '2025-08-25 00:46:29', NULL),
	(60, 'Loa Kulu Kota', 7, '2025-08-25 00:46:29', '2025-08-25 00:46:29', NULL),
	(61, 'Loh Sumber', 7, '2025-08-25 00:46:29', '2025-08-25 00:46:29', NULL),
	(62, 'Ponorogan', 7, '2025-08-25 00:46:29', '2025-08-25 00:46:29', NULL),
	(63, 'Rempanga', 7, '2025-08-25 00:46:29', '2025-08-25 00:46:29', NULL),
	(64, 'Margahayu', 7, '2025-08-25 00:46:29', '2025-08-25 00:46:29', NULL),
	(65, 'Jonggon Jaya', 7, '2025-08-25 00:46:30', '2025-08-25 00:46:30', NULL),
	(66, 'Lung Anai', 7, '2025-08-25 00:46:30', '2025-08-25 00:46:30', NULL),
	(67, 'Jembayan Tengah', 7, '2025-08-25 00:46:30', '2025-08-25 00:46:30', NULL),
	(68, 'Jembayan Dalam', 7, '2025-08-25 00:46:30', '2025-08-25 00:46:30', NULL),
	(69, 'Sepakat', 7, '2025-08-25 00:46:30', '2025-08-25 00:46:30', NULL),
	(70, 'Sumber Sari', 7, '2025-08-25 00:46:30', '2025-08-25 00:46:30', NULL),
	(71, 'Jongkang', 7, '2025-08-25 00:46:30', '2025-08-25 00:46:30', NULL),
	(72, 'Bunga Putih', 8, '2025-08-25 00:46:30', '2025-08-25 00:46:30', NULL),
	(73, 'Kersik', 8, '2025-08-25 00:46:30', '2025-08-25 00:46:30', NULL),
	(74, 'Makarti', 8, '2025-08-25 00:46:30', '2025-08-25 00:46:30', NULL),
	(75, 'Perangat Baru', 8, '2025-08-25 00:46:30', '2025-08-25 00:46:30', NULL),
	(76, 'Perangat Selatan', 8, '2025-08-25 00:46:30', '2025-08-25 00:46:30', NULL),
	(77, 'Sambera Baru', 8, '2025-08-25 00:46:30', '2025-08-25 00:46:30', NULL),
	(78, 'Santan Ilir', 8, '2025-08-25 00:46:30', '2025-08-25 00:46:30', NULL),
	(79, 'Santan Tengah', 8, '2025-08-25 00:46:30', '2025-08-25 00:46:30', NULL),
	(80, 'Santan Ulu', 8, '2025-08-25 00:46:30', '2025-08-25 00:46:30', NULL),
	(81, 'Sebuntal', 8, '2025-08-25 00:46:30', '2025-08-25 00:46:30', NULL),
	(82, 'Semangko', 8, '2025-08-25 00:46:30', '2025-08-25 00:46:30', NULL),
	(83, 'Saliki', 9, '2025-08-25 00:46:30', '2025-08-25 00:46:30', NULL),
	(84, 'Salo Palai', 9, '2025-08-25 00:46:30', '2025-08-25 00:46:30', NULL),
	(85, 'Muara Badak Ulu', 9, '2025-08-25 00:46:30', '2025-08-25 00:46:30', NULL),
	(86, 'Muara Badak Ilir', 9, '2025-08-25 00:46:30', '2025-08-25 00:46:30', NULL),
	(87, 'Gas Alam Badak 1', 9, '2025-08-25 00:46:30', '2025-08-25 00:46:30', NULL),
	(88, 'Tanjung Limau', 9, '2025-08-25 00:46:30', '2025-08-25 00:46:30', NULL),
	(89, 'Badak Baru', 9, '2025-08-25 00:46:30', '2025-08-25 00:46:30', NULL),
	(90, 'Batu Batu', 9, '2025-08-25 00:46:30', '2025-08-25 00:46:30', NULL),
	(91, 'Salo Cella', 9, '2025-08-25 00:46:30', '2025-08-25 00:46:30', NULL),
	(92, 'Tanah Datar', 9, '2025-08-25 00:46:30', '2025-08-25 00:46:30', NULL),
	(93, 'Sungai Bawang', 9, '2025-08-25 00:46:30', '2025-08-25 00:46:30', NULL),
	(94, 'Badak Mekar', 9, '2025-08-25 00:46:30', '2025-08-25 00:46:30', NULL),
	(95, 'Persiapan Badak Makmur', 9, '2025-08-25 00:46:30', '2025-08-25 00:46:30', NULL),
	(96, 'Muara Jawa Ulu', 10, '2025-08-25 00:46:30', '2025-08-25 00:46:30', NULL),
	(97, 'Muara Jawa Pesisir', 10, '2025-08-25 00:46:30', '2025-08-25 00:46:30', NULL),
	(98, 'Muara Jawa Tengah', 10, '2025-08-25 00:46:30', '2025-08-25 00:46:30', NULL),
	(99, 'Muara Jawa Ilir', 10, '2025-08-25 00:46:30', '2025-08-25 00:46:30', NULL),
	(100, 'Dondang', 10, '2025-08-25 00:46:30', '2025-08-25 00:46:30', NULL),
	(101, 'Tamapole', 10, '2025-08-25 00:46:30', '2025-08-25 00:46:30', NULL),
	(102, 'Muara Kembang', 10, '2025-08-25 00:46:30', '2025-08-25 00:46:30', NULL),
	(103, 'Teluk Dalam', 10, '2025-08-25 00:46:30', '2025-08-25 00:46:30', NULL),
	(104, 'Benua Puhun', 11, '2025-08-25 00:46:30', '2025-08-25 00:46:30', NULL),
	(105, 'Bukit Jering', 11, '2025-08-25 00:46:30', '2025-08-25 00:46:30', NULL),
	(106, 'Bunga Jadi', 11, '2025-08-25 00:46:30', '2025-08-25 00:46:30', NULL),
	(107, 'Kupang Baru', 11, '2025-08-25 00:46:30', '2025-08-25 00:46:30', NULL),
	(108, 'Lebaho Ulaq', 11, '2025-08-25 00:46:30', '2025-08-25 00:46:30', NULL),
	(109, 'Liang Buaya', 11, '2025-08-25 00:46:30', '2025-08-25 00:46:30', NULL),
	(110, 'Menamang Kanan', 11, '2025-08-25 00:46:30', '2025-08-25 00:46:30', NULL),
	(111, 'Menamang Kiri', 11, '2025-08-25 00:46:30', '2025-08-25 00:46:30', NULL),
	(112, 'Muara Kaman Ilir', 11, '2025-08-25 00:46:30', '2025-08-25 00:46:30', NULL),
	(113, 'Muara Kaman Ulu', 11, '2025-08-25 00:46:30', '2025-08-25 00:46:30', NULL),
	(114, 'Muara Siran', 11, '2025-08-25 00:46:30', '2025-08-25 00:46:30', NULL),
	(115, 'Panca Jaya', 11, '2025-08-25 00:46:30', '2025-08-25 00:46:30', NULL),
	(116, 'Puan Cepak', 11, '2025-08-25 00:46:30', '2025-08-25 00:46:30', NULL),
	(117, 'Rantau Hempang', 11, '2025-08-25 00:46:30', '2025-08-25 00:46:30', NULL),
	(118, 'Sabintulung', 11, '2025-08-25 00:46:30', '2025-08-25 00:46:30', NULL),
	(119, 'Sedulang', 11, '2025-08-25 00:46:30', '2025-08-25 00:46:30', NULL),
	(120, 'Sidomukti', 11, '2025-08-25 00:46:30', '2025-08-25 00:46:30', NULL),
	(121, 'Teratak', 11, '2025-08-25 00:46:30', '2025-08-25 00:46:30', NULL),
	(122, 'Tunjungan', 11, '2025-08-25 00:46:30', '2025-08-25 00:46:30', NULL),
	(123, 'Cipari Makmur', 11, '2025-08-25 00:46:30', '2025-08-25 00:46:30', NULL),
	(124, 'Batuq', 12, '2025-08-25 00:46:30', '2025-08-25 00:46:30', NULL),
	(125, 'Jantur', 12, '2025-08-25 00:46:30', '2025-08-25 00:46:30', NULL),
	(126, 'Jantur Baru', 12, '2025-08-25 00:46:30', '2025-08-25 00:46:30', NULL),
	(127, 'Jantur Selatan', 12, '2025-08-25 00:46:30', '2025-08-25 00:46:30', NULL),
	(128, 'Kayu Batu', 12, '2025-08-25 00:46:30', '2025-08-25 00:46:30', NULL),
	(129, 'Muara Aloh', 12, '2025-08-25 00:46:30', '2025-08-25 00:46:30', NULL),
	(130, 'Muara Leka', 12, '2025-08-25 00:46:30', '2025-08-25 00:46:30', NULL),
	(131, 'Muara Muntai Ilir', 12, '2025-08-25 00:46:30', '2025-08-25 00:46:30', NULL),
	(132, 'Muara Muntai Ulu', 12, '2025-08-25 00:46:30', '2025-08-25 00:46:30', NULL),
	(133, 'Perian', 12, '2025-08-25 00:46:30', '2025-08-25 00:46:30', NULL),
	(134, 'Pulau Harapan', 12, '2025-08-25 00:46:30', '2025-08-25 00:46:30', NULL),
	(135, 'Rebaq Rinding', 12, '2025-08-25 00:46:30', '2025-08-25 00:46:30', NULL),
	(136, 'Tanjung Batuq Harapan', 12, '2025-08-25 00:46:30', '2025-08-25 00:46:30', NULL),
	(137, 'Enggelam', 13, '2025-08-25 00:46:30', '2025-08-25 00:46:30', NULL),
	(138, 'Lebak Cilong', 13, '2025-08-25 00:46:30', '2025-08-25 00:46:30', NULL),
	(139, 'Lebak Mantan', 13, '2025-08-25 00:46:30', '2025-08-25 00:46:30', NULL),
	(140, 'Melintang', 13, '2025-08-25 00:46:30', '2025-08-25 00:46:30', NULL),
	(141, 'Muara Enggelam', 13, '2025-08-25 00:46:30', '2025-08-25 00:46:30', NULL),
	(142, 'Muara Wis', 13, '2025-08-25 00:46:30', '2025-08-25 00:46:30', NULL),
	(143, 'Sebemban', 13, '2025-08-25 00:46:30', '2025-08-25 00:46:30', NULL),
	(144, 'Wonotirto', 14, '2025-08-25 00:46:30', '2025-08-25 00:46:30', NULL),
	(145, 'Tanjung Harapan', 14, '2025-08-25 00:46:30', '2025-08-25 00:46:30', NULL),
	(146, 'Samboja Kuala', 14, '2025-08-25 00:46:30', '2025-08-25 00:46:30', NULL),
	(147, 'Sanipah', 14, '2025-08-25 00:46:30', '2025-08-25 00:46:30', NULL),
	(148, 'Handil Baru', 14, '2025-08-25 00:46:30', '2025-08-25 00:46:30', NULL),
	(149, 'Muara Sembilang', 14, '2025-08-25 00:46:30', '2025-08-25 00:46:30', NULL),
	(150, 'Teluk Pamedas', 14, '2025-08-25 00:46:30', '2025-08-25 00:46:30', NULL),
	(151, 'Kampung Lama', 14, '2025-08-25 00:46:30', '2025-08-25 00:46:30', NULL),
	(152, 'Handil Baru Darat', 14, '2025-08-25 00:46:30', '2025-08-25 00:46:30', NULL),
	(153, 'Sungai Seluang', 14, '2025-08-25 00:46:30', '2025-08-25 00:46:30', NULL),
	(154, 'Karya Jaya', 14, '2025-08-25 00:46:30', '2025-08-25 00:46:30', NULL),
	(155, 'Bukit Raya', 14, '2025-08-25 00:46:30', '2025-08-25 00:46:30', NULL),
	(156, 'Beringin Agung', 14, '2025-08-25 00:46:30', '2025-08-25 00:46:30', NULL),
	(157, 'Jawa', 15, '2025-08-25 00:46:30', '2025-08-25 00:46:30', NULL),
	(158, 'Sangasanga Dalam', 15, '2025-08-25 00:46:30', '2025-08-25 00:46:30', NULL),
	(159, 'Pendingin', 15, '2025-08-25 00:46:30', '2025-08-25 00:46:30', NULL),
	(160, 'Sarijaya', 15, '2025-08-25 00:46:30', '2025-08-25 00:46:30', NULL),
	(161, 'Sangasanga Muara', 15, '2025-08-25 00:46:30', '2025-08-25 00:46:30', NULL),
	(162, 'Selerong', 16, '2025-08-25 00:46:30', '2025-08-25 00:46:30', NULL),
	(163, 'Tanjung Harapan', 16, '2025-08-25 00:46:30', '2025-08-25 00:46:30', NULL),
	(164, 'Beloro', 16, '2025-08-25 00:46:30', '2025-08-25 00:46:30', NULL),
	(165, 'Sebulu Ulu', 16, '2025-08-25 00:46:30', '2025-08-25 00:46:30', NULL),
	(166, 'Sebulu Ilir', 16, '2025-08-25 00:46:30', '2025-08-25 00:46:30', NULL),
	(167, 'Segihan', 16, '2025-08-25 00:46:30', '2025-08-25 00:46:30', NULL),
	(168, 'Sumber Sari', 16, '2025-08-25 00:46:30', '2025-08-25 00:46:30', NULL),
	(169, 'Manunggal Daya', 16, '2025-08-25 00:46:30', '2025-08-25 00:46:30', NULL),
	(170, 'Giri Agung', 16, '2025-08-25 00:46:30', '2025-08-25 00:46:30', NULL),
	(171, 'Senoni', 16, '2025-08-25 00:46:30', '2025-08-25 00:46:30', NULL),
	(172, 'Sebulu Modern', 16, '2025-08-25 00:46:30', '2025-08-25 00:46:30', NULL),
	(173, 'Sanggulan', 16, '2025-08-25 00:46:30', '2025-08-25 00:46:30', NULL),
	(174, 'Lekaq Kidau', 16, '2025-08-25 00:46:30', '2025-08-25 00:46:30', NULL),
	(175, 'Mekar Jaya', 16, '2025-08-25 00:46:30', '2025-08-25 00:46:30', NULL),
	(176, 'Tani Bhakti', 17, '2025-08-25 00:46:30', '2025-08-25 00:46:30', NULL),
	(177, 'Amborawang Darat', 17, '2025-08-25 00:46:30', '2025-08-25 00:46:30', NULL),
	(178, 'Amborawang Laut', 17, '2025-08-25 00:46:30', '2025-08-25 00:46:30', NULL),
	(179, 'Argosari', 17, '2025-08-25 00:46:30', '2025-08-25 00:46:30', NULL),
	(180, 'Bukit Merdeka', 17, '2025-08-25 00:46:30', '2025-08-25 00:46:30', NULL),
	(181, 'Karya Merdeka', 17, '2025-08-25 00:46:30', '2025-08-25 00:46:30', NULL),
	(182, 'Margomulyo', 17, '2025-08-25 00:46:30', '2025-08-25 00:46:30', NULL),
	(183, 'Salok Api Darat', 17, '2025-08-25 00:46:30', '2025-08-25 00:46:30', NULL),
	(184, 'Salok Api Laut', 17, '2025-08-25 00:46:30', '2025-08-25 00:46:30', NULL),
	(185, 'Sungai Merdeka', 17, '2025-08-25 00:46:30', '2025-08-25 00:46:30', NULL),
	(186, 'Bila Talang', 18, '2025-08-25 00:46:30', '2025-08-25 00:46:30', NULL),
	(187, 'Buluk Sen', 18, '2025-08-25 00:46:30', '2025-08-25 00:46:30', NULL),
	(188, 'Gunung Sari', 18, '2025-08-25 00:46:30', '2025-08-25 00:46:30', NULL),
	(189, 'Kampung Baru', 18, '2025-08-25 00:46:30', '2025-08-25 00:46:30', NULL),
	(190, 'Long Lalang', 18, '2025-08-25 00:46:30', '2025-08-25 00:46:30', NULL),
	(191, 'Muara Belinau', 18, '2025-08-25 00:46:30', '2025-08-25 00:46:30', NULL),
	(192, 'Muara Kebaq', 18, '2025-08-25 00:46:30', '2025-08-25 00:46:30', NULL),
	(193, 'Muara Pedohon', 18, '2025-08-25 00:46:30', '2025-08-25 00:46:30', NULL),
	(194, 'Muara Ritan', 18, '2025-08-25 00:46:30', '2025-08-25 00:46:30', NULL),
	(195, 'Muara Salung', 18, '2025-08-25 00:46:30', '2025-08-25 00:46:30', NULL),
	(196, 'Muara Tiq', 18, '2025-08-25 00:46:30', '2025-08-25 00:46:30', NULL),
	(197, 'Muara Tuboq', 18, '2025-08-25 00:46:30', '2025-08-25 00:46:30', NULL),
	(198, 'Ritan Baru', 18, '2025-08-25 00:46:30', '2025-08-25 00:46:30', NULL),
	(199, 'Tukung Ritan', 18, '2025-08-25 00:46:30', '2025-08-25 00:46:30', NULL),
	(200, 'Sidomulyo', 18, '2025-08-25 00:46:30', '2025-08-25 00:46:30', NULL),
	(201, 'Tabang Lama', 18, '2025-08-25 00:46:30', '2025-08-25 00:46:30', NULL),
	(202, 'Umaq Bekuai', 18, '2025-08-25 00:46:30', '2025-08-25 00:46:30', NULL),
	(203, 'Umaq Dian', 18, '2025-08-25 00:46:30', '2025-08-25 00:46:30', NULL),
	(204, 'Umaq Tukung', 18, '2025-08-25 00:46:30', '2025-08-25 00:46:30', NULL),
	(205, 'Baru', 19, '2025-08-25 00:46:30', '2025-08-25 00:46:30', NULL),
	(206, 'Bukit Biru', 19, '2025-08-25 00:46:30', '2025-08-25 00:46:30', NULL),
	(207, 'Jahab', 19, '2025-08-25 00:46:30', '2025-08-25 00:46:30', NULL),
	(208, 'Loa Ipuh', 19, '2025-08-25 00:46:30', '2025-08-25 00:46:30', NULL),
	(209, 'Loa Ipuh Darat', 19, '2025-08-25 00:46:30', '2025-08-25 00:46:30', NULL),
	(210, 'Loa Tebu', 19, '2025-08-25 00:46:30', '2025-08-25 00:46:30', NULL),
	(211, 'Maluhu', 19, '2025-08-25 00:46:30', '2025-08-25 00:46:30', NULL),
	(212, 'Mangkurawang', 19, '2025-08-25 00:46:30', '2025-08-25 00:46:30', NULL),
	(213, 'Melayu', 19, '2025-08-25 00:46:30', '2025-08-25 00:46:30', NULL),
	(214, 'Panji', 19, '2025-08-25 00:46:30', '2025-08-25 00:46:30', NULL),
	(215, 'Sukarame', 19, '2025-08-25 00:46:30', '2025-08-25 00:46:30', NULL),
	(216, 'Timbau', 19, '2025-08-25 00:46:30', '2025-08-25 00:46:30', NULL),
	(217, 'Bendang Raya', 19, '2025-08-25 00:46:30', '2025-08-25 00:46:30', NULL),
	(218, 'Rapak Lambur', 19, '2025-08-25 00:46:30', '2025-08-25 00:46:30', NULL),
	(219, 'Bangun Rejo', 20, '2025-08-25 00:46:30', '2025-08-25 00:46:30', NULL),
	(220, 'Bhuana Jaya', 20, '2025-08-25 00:46:30', '2025-08-25 00:46:30', NULL),
	(221, 'Bukit Pariaman', 20, '2025-08-25 00:46:30', '2025-08-25 00:46:30', NULL),
	(222, 'Bukit Raya', 20, '2025-08-25 00:46:30', '2025-08-25 00:46:30', NULL),
	(223, 'Embalut', 20, '2025-08-25 00:46:30', '2025-08-25 00:46:30', NULL),
	(224, 'Karang Tunggal', 20, '2025-08-25 00:46:30', '2025-08-25 00:46:30', NULL),
	(225, 'Kerta Buana', 20, '2025-08-25 00:46:30', '2025-08-25 00:46:30', NULL),
	(226, 'Loa Lepu', 20, '2025-08-25 00:46:30', '2025-08-25 00:46:30', NULL),
	(227, 'Loa Pari', 20, '2025-08-25 00:46:30', '2025-08-25 00:46:30', NULL),
	(228, 'Loa Raya', 20, '2025-08-25 00:46:30', '2025-08-25 00:46:30', NULL),
	(229, 'Loa Ulung', 20, '2025-08-25 00:46:30', '2025-08-25 00:46:30', NULL),
	(230, 'Manunggal Jaya', 20, '2025-08-25 00:46:30', '2025-08-25 00:46:30', NULL),
	(231, 'Mulawarman', 20, '2025-08-25 00:46:30', '2025-08-25 00:46:30', NULL),
	(232, 'Perjiwa', 20, '2025-08-25 00:46:30', '2025-08-25 00:46:30', NULL),
	(233, 'Separi', 20, '2025-08-25 00:46:30', '2025-08-25 00:46:30', NULL),
	(234, 'Sukamaju', 20, '2025-08-25 00:46:30', '2025-08-25 00:46:30', NULL),
	(235, 'Tanjung Batu', 20, '2025-08-25 00:46:30', '2025-08-25 00:46:30', NULL),
	(236, 'Teluk Dalam', 20, '2025-08-25 00:46:30', '2025-08-25 00:46:30', NULL);

-- Dumping structure for table kemena10_bimas.migrations
DROP TABLE IF EXISTS `migrations`;
CREATE TABLE IF NOT EXISTS `migrations` (
  `id` int unsigned NOT NULL AUTO_INCREMENT,
  `migration` varchar(255) COLLATE utf8mb4_unicode_ci NOT NULL,
  `batch` int NOT NULL,
  PRIMARY KEY (`id`)
) ENGINE=InnoDB AUTO_INCREMENT=13 DEFAULT CHARSET=utf8mb4 COLLATE=utf8mb4_unicode_ci;

-- Dumping data for table kemena10_bimas.migrations: ~8 rows (approximately)
REPLACE INTO `migrations` (`id`, `migration`, `batch`) VALUES
	(1, '0001_01_01_000000_create_users_table', 1),
	(2, '0001_01_01_000001_create_cache_table', 1),
	(3, '0001_01_01_000002_create_jobs_table', 1),
	(4, '2025_08_22_073822_create_kecamatans_table', 1),
	(5, '2025_08_22_073823_create_kelurahans_table', 1),
	(6, '2025_08_22_073824_create_sktpiagammts_table', 1),
	(7, '2025_09_03_072015_create_jenis_rumah_ibadahs_table', 2),
	(8, '2025_09_03_072416_create_tipologi_rumah_ibadahs_table', 3),
	(9, '2025_09_03_073605_create_skt_rumah_ibadahs_table', 3),
	(10, '2024_05_05_000000_add_file_columns_to_sktpiagammts_table', 4),
	(11, '2025_09_04_052440_add_file_columns_to_sktpiagammts_table', 4),
	(12, '2025_09_08_085908_add_file_berkas_to_sktpiagammts_table', 5);

-- Dumping structure for table kemena10_bimas.password_reset_tokens
DROP TABLE IF EXISTS `password_reset_tokens`;
CREATE TABLE IF NOT EXISTS `password_reset_tokens` (
  `email` varchar(255) COLLATE utf8mb4_unicode_ci NOT NULL,
  `token` varchar(255) COLLATE utf8mb4_unicode_ci NOT NULL,
  `created_at` timestamp NULL DEFAULT NULL,
  PRIMARY KEY (`email`)
) ENGINE=InnoDB DEFAULT CHARSET=utf8mb4 COLLATE=utf8mb4_unicode_ci;

-- Dumping data for table kemena10_bimas.password_reset_tokens: ~0 rows (approximately)

-- Dumping structure for table kemena10_bimas.sessions
DROP TABLE IF EXISTS `sessions`;
CREATE TABLE IF NOT EXISTS `sessions` (
  `id` varchar(255) COLLATE utf8mb4_unicode_ci NOT NULL,
  `user_id` bigint unsigned DEFAULT NULL,
  `ip_address` varchar(45) COLLATE utf8mb4_unicode_ci DEFAULT NULL,
  `user_agent` text COLLATE utf8mb4_unicode_ci,
  `payload` longtext COLLATE utf8mb4_unicode_ci NOT NULL,
  `last_activity` int NOT NULL,
  PRIMARY KEY (`id`),
  KEY `sessions_user_id_index` (`user_id`),
  KEY `sessions_last_activity_index` (`last_activity`)
) ENGINE=InnoDB DEFAULT CHARSET=utf8mb4 COLLATE=utf8mb4_unicode_ci;

-- Dumping data for table kemena10_bimas.sessions: ~7 rows (approximately)
REPLACE INTO `sessions` (`id`, `user_id`, `ip_address`, `user_agent`, `payload`, `last_activity`) VALUES
	('A1JzUG1usRo6hZD8LUmOxtSKqYAFwAXABLJT1cO4', 1, '127.0.0.1', 'Mozilla/5.0 (Windows NT 10.0; Win64; x64) AppleWebKit/537.36 (KHTML, like Gecko) Chrome/142.0.0.0 Safari/537.36', 'YTo0OntzOjY6Il90b2tlbiI7czo0MDoiY3I0VzhZc0J4aXJSSW1BcVh6dGlzZm9DVHpuOUREb3BUMXNPaERPVSI7czo5OiJfcHJldmlvdXMiO2E6MTp7czozOiJ1cmwiO3M6MzQ6Imh0dHA6Ly9iaW1hcy1tdC50ZXN0L3NrdF9waWFnYW1fbXQiO31zOjY6Il9mbGFzaCI7YToyOntzOjM6Im9sZCI7YTowOnt9czozOiJuZXciO2E6MDp7fX1zOjUwOiJsb2dpbl93ZWJfNTliYTM2YWRkYzJiMmY5NDAxNTgwZjAxNGM3ZjU4ZWE0ZTMwOTg5ZCI7aToxO30=', 1763004082),
	('DLvN45i1qR2TvcqsjjgkUNEJbILxPS0E6hbmT8fB', 1, '127.0.0.1', 'Mozilla/5.0 (Windows NT 10.0; Win64; x64) AppleWebKit/537.36 (KHTML, like Gecko) Chrome/142.0.0.0 Safari/537.36', 'YTo1OntzOjY6Il90b2tlbiI7czo0MDoiTVNvamVQUHhuc2hsM2hGUHNUWDdadDFVbUpxckxQVU1YMHZJdGFVSCI7czozOiJ1cmwiO2E6MDp7fXM6OToiX3ByZXZpb3VzIjthOjE6e3M6MzoidXJsIjtzOjQxOiJodHRwOi8vYmltYXMtbXQudGVzdC9za3RfcGlhZ2FtX210P3BhZ2U9MyI7fXM6NjoiX2ZsYXNoIjthOjI6e3M6Mzoib2xkIjthOjA6e31zOjM6Im5ldyI7YTowOnt9fXM6NTA6ImxvZ2luX3dlYl81OWJhMzZhZGRjMmIyZjk0MDE1ODBmMDE0YzdmNThlYTRlMzA5ODlkIjtpOjE7fQ==', 1762505431),
	('GNLEMiPrNNPXsJiNNMdCtxquKVW42x1jeHzUnrjF', 1, '127.0.0.1', 'Mozilla/5.0 (Windows NT 10.0; Win64; x64) AppleWebKit/537.36 (KHTML, like Gecko) Chrome/142.0.0.0 Safari/537.36', 'YTo1OntzOjY6Il90b2tlbiI7czo0MDoidHBVM1k3anBDMFFSZHRFSHl6d2lyczA2Q3FaMUdFSjNNMVh5RDhYbSI7czo5OiJfcHJldmlvdXMiO2E6MTp7czozOiJ1cmwiO3M6MzQ6Imh0dHA6Ly9iaW1hcy1tdC50ZXN0L3NrdF9waWFnYW1fbXQiO31zOjY6Il9mbGFzaCI7YToyOntzOjM6Im9sZCI7YTowOnt9czozOiJuZXciO2E6MDp7fX1zOjUwOiJsb2dpbl93ZWJfNTliYTM2YWRkYzJiMmY5NDAxNTgwZjAxNGM3ZjU4ZWE0ZTMwOTg5ZCI7aToxO3M6NToiYWxlcnQiO2E6MDp7fX0=', 1762494620),
	('I1r0gPesVqsms8rqIQphZnT4XE5G2S99KoWbGMLT', 1, '127.0.0.1', 'Mozilla/5.0 (Windows NT 10.0; Win64; x64) AppleWebKit/537.36 (KHTML, like Gecko) Chrome/142.0.0.0 Safari/537.36', 'YTo0OntzOjY6Il90b2tlbiI7czo0MDoiTklNb0ljUG1UQ2hwSWo0QjJtdFRUY25OMGNXeUdSVTVnOFdoQnRKaCI7czo5OiJfcHJldmlvdXMiO2E6MTp7czozOiJ1cmwiO3M6MzQ6Imh0dHA6Ly9iaW1hcy1tdC50ZXN0L3NrdF9waWFnYW1fbXQiO31zOjY6Il9mbGFzaCI7YToyOntzOjM6Im9sZCI7YTowOnt9czozOiJuZXciO2E6MDp7fX1zOjUwOiJsb2dpbl93ZWJfNTliYTM2YWRkYzJiMmY5NDAxNTgwZjAxNGM3ZjU4ZWE0ZTMwOTg5ZCI7aToxO30=', 1762487449),
	('kNL070OWE4aTa4KQ6yx6hsQ0NXhhe11jrgqXkVFd', NULL, '127.0.0.1', 'Mozilla/5.0 (Windows NT 10.0; Win64; x64) AppleWebKit/537.36 (KHTML, like Gecko) Chrome/142.0.0.0 Safari/537.36', 'YTozOntzOjY6Il90b2tlbiI7czo0MDoiclE2NkdIQkxxWWF2R0R2OGZ3Mm1xZU5QWlNtZUJxM1p5MWkyV0J6QyI7czo5OiJfcHJldmlvdXMiO2E6MTp7czozOiJ1cmwiO3M6MjY6Imh0dHA6Ly9iaW1hcy1tdC50ZXN0L2xvZ2luIjt9czo2OiJfZmxhc2giO2E6Mjp7czozOiJvbGQiO2E6MDp7fXM6MzoibmV3IjthOjA6e319fQ==', 1762910313),
	('SjDhcsKXXB0LVqEKmOY26YSsziCKt6CpQmroD0Ts', 1, '127.0.0.1', 'Mozilla/5.0 (Windows NT 10.0; Win64; x64) AppleWebKit/537.36 (KHTML, like Gecko) Chrome/142.0.0.0 Safari/537.36', 'YTo1OntzOjY6Il90b2tlbiI7czo0MDoiWHBIc2w4cDB1T1BORkxCMVBnVnE2S2hJbEtRUWNwdjBtRlA5NG5WbiI7czozOiJ1cmwiO2E6MDp7fXM6OToiX3ByZXZpb3VzIjthOjE6e3M6MzoidXJsIjtzOjMwOiJodHRwOi8vYmltYXMtbXQudGVzdC9kYXNoYm9hcmQiO31zOjY6Il9mbGFzaCI7YToyOntzOjM6Im9sZCI7YTowOnt9czozOiJuZXciO2E6MDp7fX1zOjUwOiJsb2dpbl93ZWJfNTliYTM2YWRkYzJiMmY5NDAxNTgwZjAxNGM3ZjU4ZWE0ZTMwOTg5ZCI7aToxO30=', 1763013853),
	('UvXZzhvYPCAONWOe4H3athnjusEVdb2dEuFlSdkf', 1, '127.0.0.1', 'Mozilla/5.0 (Windows NT 10.0; Win64; x64) AppleWebKit/537.36 (KHTML, like Gecko) Chrome/142.0.0.0 Safari/537.36', 'YTo0OntzOjY6Il90b2tlbiI7czo0MDoiNWJkaEFxTHFTQXV2UGo4bmVTa0Jlb1VydW1DY3VOTVE0dzNKeVlzdSI7czo5OiJfcHJldmlvdXMiO2E6MTp7czozOiJ1cmwiO3M6MzQ6Imh0dHA6Ly9iaW1hcy1tdC50ZXN0L3NrdF9waWFnYW1fbXQiO31zOjY6Il9mbGFzaCI7YToyOntzOjM6Im9sZCI7YTowOnt9czozOiJuZXciO2E6MDp7fX1zOjUwOiJsb2dpbl93ZWJfNTliYTM2YWRkYzJiMmY5NDAxNTgwZjAxNGM3ZjU4ZWE0ZTMwOTg5ZCI7aToxO30=', 1762994289);

-- Dumping structure for table kemena10_bimas.sktpiagammts
DROP TABLE IF EXISTS `sktpiagammts`;
CREATE TABLE IF NOT EXISTS `sktpiagammts` (
  `id` bigint unsigned NOT NULL AUTO_INCREMENT,
  `nomor_statistik` varchar(255) COLLATE utf8mb4_unicode_ci NOT NULL,
  `nama_majelis` varchar(255) COLLATE utf8mb4_unicode_ci NOT NULL,
  `alamat` text COLLATE utf8mb4_unicode_ci NOT NULL,
  `kecamatan_id` bigint unsigned NOT NULL,
  `kelurahan_id` bigint unsigned NOT NULL,
  `tanggal_berdiri` date NOT NULL,
  `status` enum('aktif','nonaktif','belum_update') CHARACTER SET utf8mb4 COLLATE utf8mb4_unicode_ci NOT NULL,
  `ketua` varchar(255) COLLATE utf8mb4_unicode_ci NOT NULL,
  `no_hp` varchar(255) COLLATE utf8mb4_unicode_ci NOT NULL,
  `mendaftar` varchar(255) COLLATE utf8mb4_unicode_ci NOT NULL,
  `mendaftar_ulang` varchar(255) COLLATE utf8mb4_unicode_ci NOT NULL,
  `file_skt` varchar(255) COLLATE utf8mb4_unicode_ci DEFAULT NULL,
  `file_piagam` varchar(255) COLLATE utf8mb4_unicode_ci DEFAULT NULL,
  `file_berkas` varchar(255) COLLATE utf8mb4_unicode_ci DEFAULT NULL,
  `created_at` timestamp NULL DEFAULT NULL,
  `updated_at` timestamp NULL DEFAULT NULL,
  `deleted_at` timestamp NULL DEFAULT NULL,
  PRIMARY KEY (`id`),
  UNIQUE KEY `sktpiagammts_nomor_statistik_unique` (`nomor_statistik`),
  KEY `sktpiagammts_kelurahan_id_foreign` (`kelurahan_id`),
  KEY `sktpiagammts_deleted_at_index` (`deleted_at`),
  KEY `sktpiagammts_tanggal_berdiri_index` (`tanggal_berdiri`),
  KEY `sktpiagammts_status_index` (`status`),
  KEY `sktpiagammts_kecamatan_id_kelurahan_id_index` (`kecamatan_id`,`kelurahan_id`),
  CONSTRAINT `sktpiagammts_kecamatan_id_foreign` FOREIGN KEY (`kecamatan_id`) REFERENCES `kecamatans` (`id`) ON DELETE CASCADE,
  CONSTRAINT `sktpiagammts_kelurahan_id_foreign` FOREIGN KEY (`kelurahan_id`) REFERENCES `kelurahans` (`id`) ON DELETE CASCADE
) ENGINE=InnoDB AUTO_INCREMENT=1176 DEFAULT CHARSET=utf8mb4 COLLATE=utf8mb4_unicode_ci;

-- Dumping data for table kemena10_bimas.sktpiagammts: ~515 rows (approximately)
REPLACE INTO `sktpiagammts` (`id`, `nomor_statistik`, `nama_majelis`, `alamat`, `kecamatan_id`, `kelurahan_id`, `tanggal_berdiri`, `status`, `ketua`, `no_hp`, `mendaftar`, `mendaftar_ulang`, `file_skt`, `file_piagam`, `file_berkas`, `created_at`, `updated_at`, `deleted_at`) VALUES
	(7, '431.2.64.02.04.008', 'TILAWATI EDUCATION CENTER (TEC)', 'L3, RT. 010', 20, 219, '2017-01-02', 'aktif', 'Arina Shofiya Fuada', '082228273900', '2025-09-08', '2030-09-08', '20250908132524431.2.64.02.04.008 - TILAWATI EDUCATION CENTER (TEC) - SKT_preview.pdf', '20250908132506431.2.64.02.04.008 - TILAWATI EDUCATION CENTER (TEC) - Piagam_preview.pdf', '20250904074844866.pdf', '2025-09-07 16:19:55', '2025-09-08 01:11:05', NULL),
	(8, '431.2.64.02.01.204', 'NURUL MUHIBBIN', 'Jl. AM. Salehiddin, RT. 005', 19, 210, '2025-08-01', 'aktif', 'Hj, Asnani', '082154227170', '2025-09-08', '2030-09-08', NULL, NULL, NULL, '2025-09-07 23:56:01', '2025-09-10 01:27:55', NULL),
	(12, '431.2.64.02.01.205', 'AL-MAWADDAH', 'Jl. Swadaya, RT. 003', 19, 206, '2002-02-12', 'aktif', 'Jeki Hijriyani, S. Ag.', '081350736522', '2025-09-10', '2030-09-10', NULL, NULL, NULL, '2025-09-10 01:11:47', '2025-09-10 01:19:24', NULL),
	(13, '431.2.64.02.01.206', 'MIFTAHUL JANNAH', 'Jl. Margatama Mulawarman, RT. 020', 19, 206, '1998-04-02', 'aktif', 'IDA FARIDA', '085756705776', '2025-09-10', '2030-09-10', NULL, NULL, NULL, '2025-09-10 01:30:13', '2025-09-10 05:04:10', NULL),
	(14, '431.2.64.02.03.016', 'AL-KISWAH', 'Jl. Soekarno Hatta KM. 06, RT. 001', 6, 54, '2022-10-16', 'aktif', 'Ratna Dewi', '081347547311', '2025-09-16', '2030-09-16', NULL, NULL, NULL, '2025-09-15 22:30:49', '2025-09-15 22:30:49', NULL),
	(15, '431.2.64.02.01.207', 'DAARUS SA\'ADAH', 'Jl. Bengkinang RT. 012', 19, 210, '2018-11-11', 'aktif', 'Rusmini', '081251250202', '2025-09-18', '2030-09-18', NULL, NULL, NULL, '2025-09-17 16:19:12', '2025-09-17 16:19:12', NULL),
	(16, '431.2.64.02.01.208', 'AN-NISAAUL KARIIMAH', 'Jl. Al-Jawahir, RT. 008', 19, 205, '2009-05-12', 'aktif', 'Hj. Siti Rochmah', '081299227270', '2025-09-19', '2030-09-19', NULL, NULL, NULL, '2025-09-18 23:47:51', '2025-09-18 23:47:51', NULL),
	(17, '431.2.64.02.03.017', 'AL-HIDAYAH', 'Jl. Widya Gama, RT. 004', 6, 55, '2015-08-02', 'aktif', 'MASIAH', '081347352093', '2025-09-23', '2030-09-23', NULL, NULL, NULL, '2025-09-22 18:47:22', '2025-09-22 18:47:22', NULL),
	(18, '431.2.64.02.01.209', 'AL-IMAN', 'Jl. Mangkuraja I, No. 28, RT. 019', 19, 208, '1998-01-05', 'aktif', 'Hj. Rabiatul Adawiyah', '081350039083', '2025-09-25', '2030-09-25', NULL, NULL, NULL, '2025-09-24 18:29:06', '2025-09-24 18:29:06', NULL),
	(19, '431.2.64.02.07.023', 'DALAILUL KHAIRAT', 'Jl. Darussalam Handil VI, RT. 011', 10, 98, '2015-01-06', 'aktif', 'Sam\'ani', '081346288096', '2025-09-26', '2030-09-26', '1759589598_20250927132822431.2.64.02.07.023-DALAILULKHAIRAT-SKTpreview.pdf', '1759589614_20250927135039431.2.64.02.07.023-DALAILULKHAIRAT-Piagampreview.pdf', NULL, '2025-09-25 23:37:46', '2025-10-04 06:53:34', NULL),
	(22, '431.2.64.02.02.005', 'KELUARGA SAKINAH LOA KULU', 'Jl. H. Masdamsi, RT. 001', 7, 60, '2025-07-19', 'aktif', 'Gunarsih', '081351690619', '2025-10-07', '2030-10-07', NULL, NULL, NULL, '2025-10-06 23:42:23', '2025-10-06 23:42:23', NULL),
	(23, '431.2.64.02.09.020', 'AN NISA', 'Jl. Cendana, RT. 010', 1, 1, '1995-04-18', 'aktif', 'Hj. Sulasmi', '081347938024', '2025-10-08', '2030-10-08', NULL, NULL, NULL, '2025-10-07 21:40:23', '2025-10-07 21:40:23', NULL),
	(24, '431.2.64.02.03.018', 'AL-HIKMAH', 'Dusun Mekar Beringin Jaya, RT. 018', 6, 54, '2025-08-20', 'aktif', 'Rofi\'ah', '087878601520', '2025-10-08', '2030-10-08', NULL, NULL, NULL, '2025-10-07 21:54:24', '2025-10-07 21:54:24', NULL),
	(25, '431.2.64.02.01.210', 'AL IRSYAD', 'Jl. Anggana, RT. 008', 19, 211, '2023-01-01', 'aktif', 'H. Abd Muchid Nawawi, S.Pd.I', '081347163488', '2025-10-10', '2030-10-10', NULL, NULL, NULL, '2025-10-09 22:02:25', '2025-10-09 22:02:25', NULL),
	(26, '431.2.64.02.11.010', 'MIFTAHUL KHAIR', 'Jl. Tanjung Wira, RT. 001, Dusun Handil Tiga', 8, 79, '2018-01-25', 'aktif', 'KM. Syamsul Bahri, S.Ag.', '082156564503', '2025-10-10', '2030-10-10', NULL, NULL, NULL, '2025-10-09 22:13:59', '2025-10-09 22:13:59', NULL),
	(27, '431.2.64.02.07.024', 'UMMAHATUL MU\'MININ', 'Jl. Teluk Ladang, Handil 3, RT. 032', 10, 97, '2022-11-27', 'aktif', 'Sholihatul Amaliah', '085251100189', '2025-10-15', '2030-10-15', NULL, NULL, NULL, '2025-10-14 21:31:23', '2025-10-14 21:36:13', NULL),
	(28, '431.2.64.02.01.211', 'SYEKH ABU THOLHAH', 'Jl. Imam Bonjol, Gg. 2, RT. 008', 19, 213, '2014-10-10', 'aktif', 'Hj. Sri Utari', '08125867604', '2025-10-20', '2030-10-20', NULL, NULL, NULL, '2025-10-19 23:37:16', '2025-10-19 23:37:16', NULL),
	(638, '431.2.64.02.01.001', 'AR RAHMAH', 'JL. JAFAR SEMAN', 19, 205, '2005-01-01', 'belum_update', 'Drs. H. Abu Bakar Ahmad', '000000000000', '1946-01-03', '1946-01-03', NULL, NULL, NULL, '2025-10-27 23:45:39', '2025-11-06 20:05:20', NULL),
	(639, '431.2.64.02.01.002', 'AT-TAWWABIN', 'BARU', 19, 205, '2010-01-01', 'belum_update', 'BUDI NUR', '000000000000', '1946-01-03', '1946-01-03', NULL, NULL, NULL, '2025-10-27 23:45:39', '2025-10-27 23:45:39', NULL),
	(640, '431.2.64.02.01.003', 'MKR', 'BARU', 19, 205, '2011-01-01', 'belum_update', 'M. ISRAN S. AG', '000000000000', '1946-01-03', '1946-01-03', NULL, NULL, NULL, '2025-10-27 23:45:39', '2025-10-27 23:45:39', NULL),
	(641, '431.2.64.02.01.004', 'Matholi\'ul Anwar', 'Jl. Raya Bukit BiruNo. 183', 19, 206, '1946-01-03', 'belum_update', 'Arbiana Sukmawati', '000000000000', '1946-01-03', '1946-01-03', NULL, NULL, NULL, '2025-10-27 23:45:39', '2025-10-27 23:45:39', NULL),
	(642, '431.2.64.02.01.005', 'Jami\'atul Islam', 'Kel. Bukit Biru', 19, 206, '1946-01-03', 'belum_update', 'Muhammad Yasin', '000000000000', '1946-01-03', '1946-01-03', NULL, NULL, NULL, '2025-10-27 23:45:39', '2025-10-27 23:45:39', NULL),
	(643, '431.2.64.02.01.006', 'Al-Hidayah', 'Kel. Bukit Biru', 19, 206, '1946-01-03', 'belum_update', 'Hj. Siti Aisyah', '000000000000', '1946-01-03', '1946-01-03', NULL, NULL, NULL, '2025-10-27 23:45:39', '2025-10-27 23:45:39', NULL),
	(644, '431.2.64.02.01.007', 'SABILUSSA\'ADAH', 'BUKIT BIRU', 19, 206, '2000-01-01', 'belum_update', 'SUDARNI', '000000000000', '1946-01-03', '1946-01-03', NULL, NULL, NULL, '2025-10-27 23:45:39', '2025-10-27 23:45:39', NULL),
	(645, '431.2.64.02.01.008', 'YASINAN PRIA', 'Bendang Raya', 19, 217, '1946-01-03', 'belum_update', 'Anonim', '000000000000', '1946-01-03', '1946-01-03', NULL, NULL, NULL, '2025-10-27 23:45:39', '2025-10-27 23:45:39', NULL),
	(646, '431.2.64.02.01.009', 'YASINAN WANITA', 'Bendang Raya', 19, 217, '1946-01-03', 'belum_update', 'Anonim', '000000000000', '1946-01-03', '1946-01-03', NULL, NULL, NULL, '2025-10-27 23:45:39', '2025-10-27 23:45:39', NULL),
	(647, '431.2.64.02.01.010', 'YASINAN PRIA', 'Lamin Datuk', 19, 217, '1946-01-03', 'belum_update', 'Anonim', '000000000000', '1946-01-03', '1946-01-03', NULL, NULL, NULL, '2025-10-27 23:45:39', '2025-10-27 23:45:39', NULL),
	(648, '431.2.64.02.01.011', 'YASINAN WANITA', 'Lamin Datuk', 19, 217, '1946-01-03', 'belum_update', 'Anonim', '000000000000', '1946-01-03', '1946-01-03', NULL, NULL, NULL, '2025-10-27 23:45:39', '2025-10-27 23:45:39', NULL),
	(649, '431.2.64.02.01.012', 'YASINAN ASH-SHOBIRIN', 'Jln. Gunung Belah', 19, 208, '2015-01-01', 'belum_update', 'Umi Soleha', '000000000000', '1946-01-03', '1946-01-03', NULL, NULL, NULL, '2025-10-27 23:45:39', '2025-10-27 23:45:39', NULL),
	(650, '431.2.64.02.01.013', 'AL-MUNAWWAROH', 'Jln. Gunung Pegat RT. 47, 35, 44', 19, 208, '2010-01-01', 'belum_update', 'Ibu Neri', '000000000000', '1946-01-03', '1946-01-03', NULL, NULL, NULL, '2025-10-27 23:45:39', '2025-10-27 23:45:39', NULL),
	(651, '431.2.64.02.01.014', 'MIFTAHUL JANNAH', 'Jln. Gunung Kedang Pahu, RT. 34', 19, 208, '2004-01-01', 'belum_update', 'Hj. Fatimah', '000000000000', '1946-01-03', '1946-01-03', NULL, NULL, NULL, '2025-10-27 23:45:39', '2025-10-27 23:45:39', NULL),
	(652, '431.2.64.02.01.015', 'AL-IKHLAS', 'Jln. Gang Ikhlas', 19, 208, '2004-01-01', 'belum_update', 'Ibu Khairiyah', '000000000000', '1946-01-03', '1946-01-03', NULL, NULL, NULL, '2025-10-27 23:45:39', '2025-10-27 23:45:39', NULL),
	(653, '431.2.64.02.01.016', 'AS-SYU\'RA', 'Jln. Gunung Belah RT. 74, 49, 66, 64', 19, 208, '2016-01-01', 'belum_update', 'Abdul Kadir', '000000000000', '1946-01-03', '1946-01-03', NULL, NULL, NULL, '2025-10-27 23:45:39', '2025-10-27 23:45:39', NULL),
	(654, '431.2.64.02.01.017', 'YASINAN AL - MUNAWWAROH', 'Jln. Gunung Belah RT. 74, 49, 66, 64', 19, 208, '2016-01-01', 'belum_update', 'Surtini wati', '000000000000', '1946-01-03', '1946-01-03', NULL, NULL, NULL, '2025-10-27 23:45:39', '2025-10-27 23:45:39', NULL),
	(655, '431.2.64.02.01.018', 'YASINAN AL-HIKMAH', 'Jln. Selendreng RT. 5', 19, 208, '1990-01-01', 'belum_update', 'Rusniati', '000000000000', '1946-01-03', '1946-01-03', NULL, NULL, NULL, '2025-10-27 23:45:39', '2025-10-27 23:45:39', NULL),
	(656, '431.2.64.02.01.019', 'AS-SIRAT', 'LOA IPUH', 19, 208, '2006-01-01', 'belum_update', 'HAMISYAH', '000000000000', '1946-01-03', '1946-01-03', NULL, NULL, NULL, '2025-10-27 23:45:39', '2025-10-27 23:45:39', NULL),
	(657, '431.2.64.02.01.020', 'AL-KUMALA', 'LOA IPUH', 19, 208, '2005-01-01', 'belum_update', 'RIDUANSYAH', '000000000000', '1946-01-03', '1946-01-03', NULL, NULL, NULL, '2025-10-27 23:45:39', '2025-10-27 23:45:39', NULL),
	(658, '431.2.64.02.01.021', 'AR-RASID', 'LOA IPUH', 19, 208, '2005-01-01', 'belum_update', 'ASNAWIAH', '000000000000', '1946-01-03', '1946-01-03', NULL, NULL, NULL, '2025-10-27 23:45:39', '2025-10-27 23:45:39', NULL),
	(659, '431.2.64.02.01.022', 'AL-MUSYAFIRIN', 'LOA IPUH', 19, 208, '2008-01-01', 'belum_update', 'AGUS RHOMADI', '000000000000', '1946-01-03', '1946-01-03', NULL, NULL, NULL, '2025-10-27 23:45:39', '2025-10-27 23:45:39', NULL),
	(660, '431.2.64.02.01.023', 'NUR HIKMAH', 'LOA IPUH', 19, 208, '2011-01-01', 'belum_update', 'NURLAILA', '000000000000', '1946-01-03', '1946-01-03', NULL, NULL, NULL, '2025-10-27 23:45:39', '2025-10-27 23:45:39', NULL),
	(661, '431.2.64.02.01.024', 'AMALIAH', 'LOA IPUH', 19, 208, '2007-01-01', 'belum_update', 'ARBAIYAH', '000000000000', '1946-01-03', '1946-01-03', NULL, NULL, NULL, '2025-10-27 23:45:39', '2025-10-27 23:45:39', NULL),
	(662, '431.2.64.02.01.025', 'BAITURRAHMAN', 'Loa Tebu', 19, 210, '2014-01-01', 'belum_update', 'H.MULIA', '000000000000', '1946-01-03', '1946-01-03', NULL, NULL, NULL, '2025-10-27 23:45:39', '2025-10-27 23:45:39', NULL),
	(663, '431.2.64.02.01.026', 'AL - AMIN', 'Loa Tebu', 19, 210, '2015-01-01', 'belum_update', 'SAHRUL', '000000000000', '1946-01-03', '1946-01-03', NULL, NULL, NULL, '2025-10-27 23:45:39', '2025-10-27 23:45:39', NULL),
	(664, '431.2.64.02.01.027', 'NURUL ISLAM', 'LOA TEBU', 19, 210, '2005-01-01', 'belum_update', 'AWANG AIDIL ANWAR', '000000000000', '1946-01-03', '1946-01-03', NULL, NULL, NULL, '2025-10-27 23:45:39', '2025-10-27 23:45:39', NULL),
	(665, '431.2.64.02.01.028', 'KHOIRUNNISA', 'SANGKULIRANG RT. 01', 19, 211, '1993-02-05', 'aktif', 'SUPINGAH', '081273317300', '2024-05-06', '2029-05-06', NULL, NULL, NULL, '2025-10-27 23:45:39', '2025-10-27 23:45:39', NULL),
	(666, '431.2.64.02.01.029', 'HIDAYATUN NIKMAH', 'JL. BONTANG RT. 04', 19, 211, '1998-01-04', 'aktif', 'SUMINI', '085247666220', '2024-05-06', '2029-05-06', NULL, NULL, NULL, '2025-10-27 23:45:39', '2025-10-27 23:45:39', NULL),
	(667, '431.2.64.02.01.030', 'DARUSSALAM', 'JL. BONTANG RT. 05', 19, 211, '2008-07-07', 'aktif', 'RUBINEM', '08135031822', '2024-05-06', '2029-05-06', NULL, NULL, NULL, '2025-10-27 23:45:39', '2025-10-27 23:45:39', NULL),
	(668, '431.2.64.02.01.031', 'NURUL JANNAH', 'JL. LONG APARI RT. 07', 19, 211, '2005-03-05', 'aktif', 'SHOLIKHAH, S.Pd.', '085350240379', '2024-05-06', '2029-05-06', NULL, NULL, NULL, '2025-10-27 23:45:39', '2025-10-27 23:45:39', NULL),
	(669, '431.2.64.02.01.032', 'AL-KHARIYAH', 'RT. 09, 10, 11, 12', 19, 211, '1946-01-03', 'belum_update', 'Hj. ST FATHONAH', '000000000000', '1946-01-03', '1946-01-03', NULL, NULL, NULL, '2025-10-27 23:45:39', '2025-10-27 23:45:39', NULL),
	(670, '431.2.64.02.01.033', 'ANNISA', 'RT. 13, 14, 15, 16', 19, 211, '1946-01-03', 'belum_update', 'TUMINI', '000000000000', '1946-01-03', '1946-01-03', NULL, NULL, NULL, '2025-10-27 23:45:39', '2025-10-27 23:45:39', NULL),
	(671, '431.2.64.02.01.034', 'AL-KHARIMAH', 'RT. 17, 18, 19, 20', 19, 211, '1946-01-03', 'belum_update', 'KASIEM', '000000000000', '1946-01-03', '1946-01-03', NULL, NULL, NULL, '2025-10-27 23:45:39', '2025-10-27 23:45:39', NULL),
	(672, '431.2.64.02.01.035', 'AL-HASANAH', 'RT. 09, 11', 19, 211, '1946-01-03', 'belum_update', 'PURWADI', '000000000000', '1946-01-03', '1946-01-03', NULL, NULL, NULL, '2025-10-27 23:45:39', '2025-10-27 23:45:39', NULL),
	(673, '431.2.64.02.01.036', 'AL-KHARIMAH', 'RT. 17, 18, 19, 20', 19, 211, '1946-01-03', 'belum_update', 'HAFIDZ SYUYUTI', '000000000000', '1946-01-03', '1946-01-03', NULL, NULL, NULL, '2025-10-27 23:45:39', '2025-10-27 23:45:39', NULL),
	(674, '431.2.64.02.01.037', 'SABILUL MUKHTADIN', 'Jl. Danau Aji Gg. Wakaf 2', 19, 213, '1946-01-03', 'belum_update', 'Anonim', '000000000000', '1946-01-03', '1946-01-03', NULL, NULL, NULL, '2025-10-27 23:45:39', '2025-10-27 23:45:39', NULL),
	(675, '431.2.64.02.01.038', 'AS-SYIFA', 'Jl. Gunung Pegat RT 38', 19, 213, '1946-01-03', 'belum_update', 'Anonim', '000000000000', '1946-01-03', '1946-01-03', NULL, NULL, NULL, '2025-10-27 23:45:39', '2025-10-27 23:45:39', NULL),
	(676, '431.2.64.02.01.039', 'RAUDATUL JANNAH', 'Jl. Danau Aji Gg. Wakaf 1', 19, 213, '1946-01-03', 'belum_update', 'Anonim', '000000000000', '1946-01-03', '1946-01-03', NULL, NULL, NULL, '2025-10-27 23:45:39', '2025-10-27 23:45:39', NULL),
	(677, '431.2.64.02.01.040', 'AL-AMIN', 'Jl. Maduningrat Gg. 5', 19, 213, '1946-01-03', 'belum_update', 'Anonim', '000000000000', '1946-01-03', '1946-01-03', NULL, NULL, NULL, '2025-10-27 23:45:39', '2025-10-27 23:45:39', NULL),
	(678, '431.2.64.02.01.041', 'ZAHRATUN NISA', 'Jl. Danau Semayang Gg. 1', 19, 213, '1946-01-03', 'belum_update', 'Anonim', '000000000000', '1946-01-03', '1946-01-03', NULL, NULL, NULL, '2025-10-27 23:45:39', '2025-10-27 23:45:39', NULL),
	(679, '431.2.64.02.01.042', 'DARUL ISTIQLAL', 'Jl. Imam Bonjol RT 5', 19, 213, '1946-01-03', 'belum_update', 'Anonim', '000000000000', '1946-01-03', '1946-01-03', NULL, NULL, NULL, '2025-10-27 23:45:39', '2025-10-27 23:45:39', NULL),
	(680, '431.2.64.02.01.043', 'SABILILLAH MUSTAQIM', 'Jl. Danau Aji RT 29', 19, 213, '1946-01-03', 'belum_update', 'Anonim', '000000000000', '1946-01-03', '1946-01-03', NULL, NULL, NULL, '2025-10-27 23:45:39', '2025-10-27 23:45:39', NULL),
	(681, '431.2.64.02.01.044', 'AL-KAUTSAR', 'Jl. Danau Aji RT 23', 19, 213, '1946-01-03', 'belum_update', 'Anonim', '000000000000', '1946-01-03', '1946-01-03', NULL, NULL, NULL, '2025-10-27 23:45:39', '2025-10-27 23:45:39', NULL),
	(682, '431.2.64.02.01.045', 'MUJAKI', 'Jl. Danau Aji', 19, 213, '1946-01-03', 'belum_update', 'Anonim', '000000000000', '1946-01-03', '1946-01-03', NULL, NULL, NULL, '2025-10-27 23:45:39', '2025-10-27 23:45:39', NULL),
	(683, '431.2.64.02.01.046', 'MIFTAHUL JANNAH', 'Jl. Danau Lipan RT 31', 19, 213, '1946-01-03', 'belum_update', 'Anonim', '000000000000', '1946-01-03', '1946-01-03', NULL, NULL, NULL, '2025-10-27 23:45:39', '2025-10-27 23:45:39', NULL),
	(684, '431.2.64.02.01.047', 'AL HUMAIROH', 'Jl. Jend. A. Yani RT 07', 19, 213, '1946-01-03', 'belum_update', 'Anonim', '000000000000', '1946-01-03', '1946-01-03', NULL, NULL, NULL, '2025-10-27 23:45:39', '2025-10-27 23:45:39', NULL),
	(685, '431.2.64.02.01.048', 'SULLAMUL HIDAYAH', 'Jl. Jend. A. Yani RT 07', 19, 213, '1946-01-03', 'belum_update', 'Anonim', '000000000000', '1946-01-03', '1946-01-03', NULL, NULL, NULL, '2025-10-27 23:45:39', '2025-10-27 23:45:39', NULL),
	(686, '431.2.64.02.01.049', 'AL-HIDAYAT', 'Jl. A. Yani', 19, 213, '1946-01-03', 'belum_update', 'Anonim', '000000000000', '1946-01-03', '1946-01-03', NULL, NULL, NULL, '2025-10-27 23:45:39', '2025-10-27 23:45:39', NULL),
	(687, '431.2.64.02.01.050', 'ANNISA', 'Jl. Danau Lipan', 19, 213, '1946-01-03', 'belum_update', 'Anonim', '000000000000', '1946-01-03', '1946-01-03', NULL, NULL, NULL, '2025-10-27 23:45:39', '2025-10-27 23:45:39', NULL),
	(688, '431.2.64.02.01.051', 'NURUL TAJDI', 'Jl. Danau Lipan', 19, 213, '1946-01-03', 'belum_update', 'Anonim', '000000000000', '1946-01-03', '1946-01-03', NULL, NULL, NULL, '2025-10-27 23:45:39', '2025-10-27 23:45:39', NULL),
	(689, '431.2.64.02.01.052', 'SMP-LB BINA MANDIRI', 'MELAYU', 19, 213, '2005-01-01', 'belum_update', 'SUGIYONO', '000000000000', '1946-01-03', '1946-01-03', NULL, NULL, NULL, '2025-10-27 23:45:39', '2025-10-27 23:45:39', NULL),
	(690, '431.2.64.02.01.053', 'AS-SIDIQ', 'MELAYU', 19, 213, '2000-01-01', 'belum_update', 'JUFRI MANRAFI', '000000000000', '1946-01-03', '1946-01-03', NULL, NULL, NULL, '2025-10-27 23:45:39', '2025-10-27 23:45:39', NULL),
	(691, '431.2.64.02.01.054', 'DARUL FIKRI', 'MELAYU', 19, 213, '2008-01-01', 'belum_update', 'AHMAD ZAINURI', '000000000000', '1946-01-03', '1946-01-03', NULL, NULL, NULL, '2025-10-27 23:45:39', '2025-10-27 23:45:39', NULL),
	(692, '431.2.64.02.01.055', 'DARUL ISTIQLAL', 'MELAYU', 19, 213, '2010-01-01', 'belum_update', 'SUPRAPTO, S. SOS', '000000000000', '1946-01-03', '1946-01-03', NULL, NULL, NULL, '2025-10-27 23:45:39', '2025-10-27 23:45:39', NULL),
	(693, '431.2.64.02.01.056', 'AL-MU\'MIN', 'JAHAB', 19, 207, '2005-01-01', 'belum_update', 'KAMSIAH', '000000000000', '1946-01-03', '1946-01-03', NULL, NULL, NULL, '2025-10-27 23:45:39', '2025-10-27 23:45:39', NULL),
	(694, '431.2.64.02.01.057', 'AL-MUTTAQIM', 'Jln. Anggana', 19, 214, '1995-01-01', 'belum_update', 'Nurwati', '000000000000', '1946-01-03', '1946-01-03', NULL, NULL, NULL, '2025-10-27 23:45:39', '2025-10-27 23:45:39', NULL),
	(695, '431.2.64.02.01.058', 'AL-FATAH', 'Jl. Bogenvil', 19, 214, '1991-01-01', 'belum_update', 'Ida', '000000000000', '1946-01-03', '1946-01-03', NULL, NULL, NULL, '2025-10-27 23:45:39', '2025-10-27 23:45:39', NULL),
	(696, '431.2.64.02.01.059', 'AL-ASRAF', 'Jln. Stadion R.g Demang', 19, 214, '1997-01-01', 'belum_update', 'Nurlina', '000000000000', '1946-01-03', '1946-01-03', NULL, NULL, NULL, '2025-10-27 23:45:39', '2025-10-27 23:45:39', NULL),
	(697, '431.2.64.02.01.060', 'AL-MUTTAQIM', 'Jln. Gunung Panjang', 19, 214, '1990-01-01', 'belum_update', 'Aimah', '000000000000', '1946-01-03', '1946-01-03', NULL, NULL, NULL, '2025-10-27 23:45:39', '2025-10-27 23:45:39', NULL),
	(698, '431.2.64.02.01.061', 'AR-ASHADI', 'Jln. Bhakti', 19, 214, '1995-01-01', 'belum_update', 'Nur Asih', '000000000000', '1946-01-03', '1946-01-03', NULL, NULL, NULL, '2025-10-27 23:45:39', '2025-10-27 23:45:39', NULL),
	(699, '431.2.64.02.01.062', 'AR-RAHMAN', 'Jln. Maluhu', 19, 214, '1990-01-01', 'belum_update', 'Timah', '000000000000', '1946-01-03', '1946-01-03', NULL, NULL, NULL, '2025-10-27 23:45:39', '2025-10-27 23:45:39', NULL),
	(700, '431.2.64.02.01.063', 'AS-SYAM', 'PANJI', 19, 214, '2000-01-01', 'belum_update', 'UMI SALAMAH', '000000000000', '1946-01-03', '1946-01-03', NULL, NULL, NULL, '2025-10-27 23:45:39', '2025-10-27 23:45:39', NULL),
	(701, '431.2.64.02.01.064', 'BUSTANUL QIRO\'A', 'Jln. Pranoto RT. 03', 19, 215, '2007-01-01', 'belum_update', 'FARIDA', '000000000000', '1946-01-03', '1946-01-03', NULL, NULL, NULL, '2025-10-27 23:45:39', '2025-10-27 23:45:39', NULL),
	(702, '431.2.64.02.01.065', 'Husnul Khaitimah', 'Jl. Punai No 24', 19, 215, '1946-01-03', 'belum_update', 'Anonim', '000000000000', '1946-01-03', '1946-01-03', NULL, NULL, NULL, '2025-10-27 23:45:39', '2025-10-27 23:45:39', NULL),
	(703, '431.2.64.02.01.066', 'AL-FITRIYAH', 'Jln. Ruwan RT. 02', 19, 216, '1946-01-03', 'belum_update', 'H. BASRAN', '000000000000', '1946-01-03', '1946-01-03', NULL, NULL, NULL, '2025-10-27 23:45:39', '2025-10-27 23:45:39', NULL),
	(704, '431.2.64.02.01.067', 'PAC LDII', 'Jln. Ruwan RT. 02', 19, 216, '1946-01-03', 'belum_update', 'H. EKO BUDIONO', '000000000000', '1946-01-03', '1946-01-03', NULL, NULL, NULL, '2025-10-27 23:45:39', '2025-10-27 23:45:39', NULL),
	(705, '431.2.64.02.01.068', 'DARUL JIHAD', 'Jln. Seluang RT. 04', 19, 216, '1946-01-03', 'belum_update', 'GURIAH', '000000000000', '1946-01-03', '1946-01-03', NULL, NULL, NULL, '2025-10-27 23:45:39', '2025-10-27 23:45:39', NULL),
	(706, '431.2.64.02.01.069', 'DARUL MUQARRABIN', 'Jln. Sopoyono RT. 05', 19, 216, '1946-01-03', 'belum_update', 'IKHSAN MUSUM', '000000000000', '1946-01-03', '1946-01-03', NULL, NULL, NULL, '2025-10-27 23:45:39', '2025-10-27 23:45:39', NULL),
	(707, '431.2.64.02.01.070', 'AS SYIFA', 'Jln. Sopoyono RT. 05', 19, 216, '1946-01-03', 'belum_update', 'H. JURHANISASI, S.Ag', '000000000000', '1946-01-03', '1946-01-03', NULL, NULL, NULL, '2025-10-27 23:45:39', '2025-10-27 23:45:39', NULL),
	(708, '431.2.64.02.01.071', 'AZIZIAH', 'Jln. Sopoyono RT. 05', 19, 216, '1946-01-03', 'belum_update', 'H. MUDARIAH', '000000000000', '1946-01-03', '1946-01-03', NULL, NULL, NULL, '2025-10-27 23:45:39', '2025-10-27 23:45:39', NULL),
	(709, '431.2.64.02.01.072', 'AL - HIJRAH', 'Jln. W. Monginsidi RT. 08', 19, 216, '1946-01-03', 'belum_update', 'HJ. NURLELA', '000000000000', '1946-01-03', '1946-01-03', NULL, NULL, NULL, '2025-10-27 23:45:39', '2025-10-27 23:45:39', NULL),
	(710, '431.2.64.02.01.073', 'DARUN NADWAH', 'Jln. DR. Fl. Thobing RT. 10', 19, 216, '1946-01-03', 'belum_update', 'H. DARWINSYAH', '000000000000', '1946-01-03', '1946-01-03', NULL, NULL, NULL, '2025-10-27 23:45:39', '2025-10-27 23:45:39', NULL),
	(711, '431.2.64.02.01.074', 'SULLAMUL UL\' LUM', 'Jln. Baong RT. 13', 19, 216, '1946-01-03', 'belum_update', 'HJ. ST. SHALHAH HUSIEN DA', '000000000000', '1946-01-03', '1946-01-03', NULL, NULL, NULL, '2025-10-27 23:45:39', '2025-10-27 23:45:39', NULL),
	(712, '431.2.64.02.01.075', 'MUSLIMAT KUKAR', 'Jln. Baong RT. 13', 19, 216, '1946-01-03', 'belum_update', 'SITI KHADIJAH', '000000000000', '1946-01-03', '1946-01-03', NULL, NULL, NULL, '2025-10-27 23:45:39', '2025-10-27 23:45:39', NULL),
	(713, '431.2.64.02.01.076', 'AS-SALAM', 'Jln. Patin RT. 14', 19, 216, '1946-01-03', 'belum_update', 'Drs. H. SYAFRUDIN, HS, M.Si', '000000000000', '1946-01-03', '1946-01-03', NULL, NULL, NULL, '2025-10-27 23:45:39', '2025-10-27 23:45:39', NULL),
	(714, '431.2.64.02.01.077', 'KHAIRUN NISSA', 'Jln. Naga RT. 18', 19, 216, '1946-01-03', 'belum_update', 'HJ. NORJANNAH', '000000000000', '1946-01-03', '1946-01-03', NULL, NULL, NULL, '2025-10-27 23:45:39', '2025-10-27 23:45:39', NULL),
	(715, '431.2.64.02.01.078', 'MA\'RIFATULLAH WA\'MA. R', '-', 19, 216, '1946-01-03', 'belum_update', 'Anonim', '000000000000', '1946-01-03', '1946-01-03', NULL, NULL, NULL, '2025-10-27 23:45:39', '2025-10-27 23:45:39', NULL),
	(716, '431.2.64.02.01.079', 'AL - KARIM', 'RT. 019', 19, 216, '1946-01-03', 'belum_update', 'HARSIMA', '000000000000', '1946-01-03', '1946-01-03', NULL, NULL, NULL, '2025-10-27 23:45:39', '2025-10-27 23:45:39', NULL),
	(717, '431.2.64.02.01.080', 'AL-AMIN', 'TIMBAU', 19, 216, '2011-01-01', 'belum_update', 'ABAS', '000000000000', '1946-01-03', '1946-01-03', NULL, NULL, NULL, '2025-10-27 23:45:39', '2025-10-27 23:45:39', NULL),
	(718, '431.2.64.02.01.081', 'MAU\'IZATUL MU\'MININ', 'TIMBAU', 19, 216, '2000-01-01', 'belum_update', 'DRS. HM. SYAFRUDDIN HS', '000000000000', '1946-01-03', '1946-01-03', NULL, NULL, NULL, '2025-10-27 23:45:39', '2025-10-27 23:45:39', NULL),
	(719, '431.2.64.02.01.082', 'AL-MAIDAH', 'TIMBAU', 19, 216, '2010-01-01', 'belum_update', 'MALIKHATUN', '000000000000', '1946-01-03', '1946-01-03', NULL, NULL, NULL, '2025-10-27 23:45:39', '2025-10-27 23:45:39', NULL),
	(720, '431.2.64.02.01.083', 'NURUL JANNAH', 'TIMBAU', 19, 216, '2005-01-01', 'belum_update', 'HJ. EVI YANTI HANDANI', '000000000000', '1946-01-03', '1946-01-03', NULL, NULL, NULL, '2025-10-27 23:45:39', '2025-10-27 23:45:39', NULL),
	(721, '431.2.64.02.01.084', 'AL-MUKHAYYAR', 'MANGKURAWANG', 19, 212, '2008-01-01', 'belum_update', 'HM GHAZALI ISMAIL', '000000000000', '1946-01-03', '1946-01-03', NULL, NULL, NULL, '2025-10-27 23:45:39', '2025-10-27 23:45:39', NULL),
	(722, '431.2.64.02.01.085', 'YASINAN MANGKURAWANG', 'MANGKURAWANG', 19, 212, '2010-01-01', 'belum_update', 'BURHANUDDIN AMIR', '000000000000', '1946-01-03', '1946-01-03', NULL, NULL, NULL, '2025-10-27 23:45:39', '2025-10-27 23:45:39', NULL),
	(723, '431.2.64.02.01.086', 'AZ-ZIKRA', 'Mangkurawang RT. 07', 19, 212, '1946-01-03', 'belum_update', 'M. Nasir', '000000000000', '1946-01-03', '1946-01-03', NULL, NULL, NULL, '2025-10-27 23:45:39', '2025-10-27 23:45:39', NULL),
	(724, '431.2.64.02.01.087', 'YASINAN ANNISA', 'Mangkurawang RT. X', 19, 212, '1946-01-03', 'belum_update', 'Erdi', '000000000000', '1946-01-03', '1946-01-03', NULL, NULL, NULL, '2025-10-27 23:45:39', '2025-10-27 23:45:39', NULL),
	(725, '431.2.64.02.01.088', 'DARULMUTHMAINNAH', 'Mangkurawang RT. XI', 19, 212, '1946-01-03', 'belum_update', 'Erdi', '000000000000', '1946-01-03', '1946-01-03', NULL, NULL, NULL, '2025-10-27 23:45:39', '2025-10-27 23:45:39', NULL),
	(726, '431.2.64.02.01.089', 'TAQRIBURROSUL', 'Mangkurawang RT. IX', 19, 212, '1946-01-03', 'belum_update', 'Ust. Jumrah', '000000000000', '1946-01-03', '1946-01-03', NULL, NULL, NULL, '2025-10-27 23:45:39', '2025-10-27 23:45:39', NULL),
	(727, '431.2.64.02.01.090', 'PERKUMPULAN SHOLAWAT', 'RAPAK LAMBUR', 19, 212, '2000-01-01', 'belum_update', 'MITA HANDAYANI', '000000000000', '1946-01-03', '1946-01-03', NULL, NULL, NULL, '2025-10-27 23:45:39', '2025-10-27 23:45:39', NULL),
	(728, '431.2.64.02.01.091', 'MAWAR', 'RAPAK LAMBUR', 19, 212, '2005-01-01', 'belum_update', 'M. ISRAN, S. AG', '000000000000', '1946-01-03', '1946-01-03', NULL, NULL, NULL, '2025-10-27 23:45:39', '2025-10-27 23:45:39', NULL),
	(729, '431.2.64.02.01.092', 'AL-RIZKY', 'RAPAK LAMBUR', 19, 212, '2005-01-01', 'belum_update', 'KUNAIYAH', '000000000000', '1946-01-03', '1946-01-03', NULL, NULL, NULL, '2025-10-27 23:45:39', '2025-10-27 23:45:39', NULL),
	(730, '431.2.64.02.01.093', 'TAQRIBURROSUL', 'Mangkurawang RT. IX', 19, 212, '1946-01-03', 'belum_update', 'Ust. Jumrah', '000000000000', '1946-01-03', '1946-01-03', NULL, NULL, NULL, '2025-10-27 23:45:39', '2025-10-27 23:45:39', NULL),
	(731, '431.2.64.02.01.094', 'MAJELIS ZIKIR TENGGARONG YAYASAN ABDUL KHALIK FAJDUANI', 'Mangkurawang RT. IX', 19, 212, '1946-01-03', 'belum_update', 'Ust. Jumrah', '000000000000', '1946-01-03', '1946-01-03', NULL, NULL, NULL, '2025-10-27 23:45:39', '2025-10-27 23:45:39', NULL),
	(732, '431.2.64.02.01.095', 'AL HUMAIROH', 'SELENDRENG NO. 19 RT.6', 19, 208, '1946-01-03', 'belum_update', 'HJ. NOOR AIDA, S. Sos', '000000000000', '1946-01-03', '1946-01-03', NULL, NULL, NULL, '2025-10-27 23:45:39', '2025-10-27 23:45:39', NULL),
	(733, '431.2.64.02.01.096', 'PENGAJIAN AHLUSSUNAH WALJAMA\'AH', 'JL. JELAWAT NO.6 RT.IV KEL.', 19, 216, '2019-01-01', 'belum_update', 'DRS.H.IHSANUL KARIM,MM,MH', '000000000000', '2019-05-05', '2024-05-06', NULL, NULL, NULL, '2025-10-27 23:45:39', '2025-10-27 23:45:39', NULL),
	(734, '431.2.64.02.01.097', 'PENGAJIAN RAUDATUL JANNAH', 'JL. GUNUNG MURIA NO. 18. RT.36', 19, 213, '1946-01-03', 'belum_update', 'ROHANIAH BANAWATI', '000000000000', '2019-05-05', '2024-05-06', NULL, NULL, NULL, '2025-10-27 23:45:39', '2025-10-27 23:45:39', NULL),
	(735, '431.2.64.02.01.098', 'IKATAN PERSAUDARAAN HAJI INDONESIA (IPHI)', 'JL. MUSO BIN SALIM No.28 Tenggarong', 19, 213, '1946-01-03', 'belum_update', 'Anonim', '000000000000', '1946-01-03', '1946-01-03', NULL, NULL, NULL, '2025-10-27 23:45:39', '2025-10-27 23:45:39', NULL),
	(736, '431.2.64.02.01.099', 'AL- IDRUS', 'JL. NAGA RT.XXXVI NO. 19 Gg. MUFAKAT KOMP. PENDIDIKAN AL- IDRUS', 19, 216, '1946-01-03', 'belum_update', 'VARIA FADILLAH, SP.MM', '000000000000', '1946-01-03', '1946-01-03', NULL, NULL, NULL, '2025-10-27 23:45:39', '2025-10-27 23:45:39', NULL),
	(737, '431.2.64.02.01.100', 'AL MAHDI JAYA SEMPURNA', 'Jl. Semeru RT. 17 kel. Maluhu Kec. Tenggarong', 19, 211, '2022-11-05', 'aktif', 'HARSI CIPTADIE', '000000000000', '2023-05-06', '2028-05-06', NULL, NULL, NULL, '2025-10-27 23:45:39', '2025-10-27 23:45:39', NULL),
	(738, '431.2.64.02.01.101', 'RAUDHATUL JANNAH', 'Jl. Ruwan RT. 03 Kel. Timbau Kec. Tenggarong', 19, 216, '2012-06-08', 'aktif', 'Athiah, S. Pd', '000000000000', '2023-05-06', '2028-05-06', NULL, NULL, NULL, '2025-10-27 23:45:39', '2025-10-27 23:45:39', NULL),
	(739, '431.2.64.02.01.102', 'AL HIJRAH', 'JL. PESUT RT. 15 PERUMAHAN KORPRI KEL. TIMBAU KEC. TENGGARONG', 19, 216, '2011-04-16', 'aktif', 'HJ. RENI EVIANTI', '0811584595', '2023-05-06', '2028-05-06', NULL, NULL, NULL, '2025-10-27 23:45:39', '2025-10-27 23:45:39', NULL),
	(740, '431.2.64.02.01.103', 'ASY SYIFA', 'JL. ARTOMORO RT. 38 KEL. MELAYU KEC. TENGGARONG', 19, 213, '2012-12-12', 'aktif', 'ADLIANSYAH, S. HI., M.Pd.', '081255982129', '2023-05-06', '2028-05-06', NULL, NULL, NULL, '2025-10-27 23:45:39', '2025-10-27 23:45:39', NULL),
	(741, '431.2.64.02.01.104', 'AL MUSLIMAH AMANAH', 'JL. TAMBAK REL DALAM RT. 14 KEL. BARU KEC. TENGGARONG', 19, 205, '2022-01-02', 'aktif', 'RUMIATI, S.Pd.I', '085393464054', '2023-05-06', '2028-05-06', NULL, NULL, NULL, '2025-10-27 23:45:39', '2025-10-27 23:45:39', NULL),
	(742, '431.2.64.02.01.105', 'AL-ZIKRI', 'Jl. Mangkurawang RT. 007 Gang Etam Jua', 19, 212, '2010-05-21', 'aktif', 'Pauji', '085250175153', '2023-05-06', '2028-05-06', NULL, NULL, NULL, '2025-10-27 23:45:39', '2025-10-27 23:45:39', NULL),
	(743, '431.2.64.02.01.106', 'KHADIJAH', 'JL. TAMBAK REL RT. 14 KEL. BARU KEC. TENGGARONG', 19, 205, '2023-08-01', 'aktif', 'Yulia Dwi Ratnasari', '081328356015', '2023-05-06', '2028-05-06', NULL, NULL, NULL, '2025-10-27 23:45:39', '2025-10-27 23:45:39', NULL),
	(744, '431.2.64.02.01.107', 'SABILUL MUTTAQIN', 'JL. LONG BAGUN NO. 97 RT.11', 19, 211, '2019-06-21', 'aktif', 'SURATMI', '000000000000', '2024-05-06', '2029-05-06', NULL, NULL, NULL, '2025-10-27 23:45:39', '2025-10-27 23:45:39', NULL),
	(745, '431.2.64.02.01.108', 'AN-NAJAH', 'JL. MELAK II RT.09', 19, 211, '2010-01-01', 'aktif', 'SUTINAH', '085251776678', '2024-05-06', '2029-05-06', NULL, NULL, NULL, '2025-10-27 23:45:39', '2025-10-27 23:45:39', NULL),
	(746, '431.2.64.02.01.109', 'NURUL IMAN', 'JL. MELAK I RT. 10', 19, 211, '2007-04-20', 'aktif', 'SRIYANTI.S', '085250455030', '2024-05-06', '2029-05-06', NULL, NULL, NULL, '2025-10-27 23:45:39', '2025-10-27 23:45:39', NULL),
	(747, '431.2.64.02.01.110', 'GABUNGAN RAUDHAH JANNATUN NISSA', 'JL. SANGKULIRANG NO. 39 RT.01', 19, 211, '2018-01-01', 'aktif', 'FARIDA', '085250392712', '2024-05-06', '2029-05-06', NULL, NULL, NULL, '2025-10-27 23:45:39', '2025-10-27 23:45:39', NULL),
	(748, '431.2.64.02.01.111', 'AS-SAKINAH', 'JL. LONG BAGUN RT.12', 19, 211, '2017-01-27', 'aktif', 'SUTRI WINARNI', '085345877427', '2024-05-06', '2029-05-06', NULL, NULL, NULL, '2025-10-27 23:45:39', '2025-10-27 23:45:39', NULL),
	(749, '431.2.64.02.01.112', 'DARUSSALAM', 'JL. BARONG TONGKOK RT. 20', 19, 211, '2008-02-12', 'aktif', 'YULI ASTRI', '085753655381', '2024-05-06', '2029-05-06', NULL, NULL, NULL, '2025-10-27 23:45:39', '2025-10-27 23:45:39', NULL),
	(750, '431.2.64.02.01.113', 'SHOLAWAT LESTARI', 'JL. LONG APARI RT.16', 19, 211, '2005-01-30', 'aktif', 'SUNARMI', '000000000000', '2024-05-06', '2029-05-06', NULL, NULL, NULL, '2025-10-27 23:45:40', '2025-10-27 23:45:40', NULL),
	(751, '431.2.64.02.01.114', 'DASA WISMA CERI', 'JL. LONG APARI RT.07', 19, 211, '2007-07-10', 'aktif', 'INAYATI YUNISTINI', '081254336733', '2024-05-06', '2029-05-06', NULL, NULL, NULL, '2025-10-27 23:45:40', '2025-10-27 23:45:40', NULL),
	(752, '431.2.64.02.01.115', 'AL-KARIMAH', 'JL. SEMERU RT.18', 19, 211, '2003-04-16', 'aktif', 'NOR HASANAH, S.Pd.', '085250598375', '2024-05-06', '2029-05-06', NULL, NULL, NULL, '2025-10-27 23:45:40', '2025-10-27 23:45:40', NULL),
	(753, '431.2.64.02.01.116', 'NURUL ALMAS LESTARI', 'JL. MELAK II RT. 24', 19, 211, '2023-01-20', 'aktif', 'RATIH APRILIA WIDIASTUTI', '085799980088', '2024-05-06', '2029-05-06', NULL, NULL, NULL, '2025-10-27 23:45:40', '2025-10-27 23:45:40', NULL),
	(754, '431.2.64.02.01.117', 'AN-NAHDLIYAH', 'JL. LONG APARI RT.14', 19, 211, '2019-07-20', 'aktif', 'NANIK', '081347623803', '2024-05-06', '2029-05-06', NULL, NULL, NULL, '2025-10-27 23:45:40', '2025-10-27 23:45:40', NULL),
	(755, '431.2.64.02.01.118', 'AN-NISA', 'JL. LONG APARI RT.15', 19, 211, '2001-06-04', 'aktif', 'UMAROH', '081335241242', '2024-05-06', '2029-05-06', NULL, NULL, NULL, '2025-10-27 23:45:40', '2025-10-27 23:45:40', NULL),
	(756, '431.2.64.02.01.119', 'MUSLIMATUL JANNAH', 'JL. SLAMET RIYADI RT. 23', 19, 211, '2018-11-06', 'aktif', 'KAMSIAH', '081347471141', '2024-05-06', '2029-05-06', NULL, NULL, NULL, '2025-10-27 23:45:40', '2025-10-27 23:45:40', NULL),
	(757, '431.2.64.02.01.120', 'NURUL HIDAYAH', 'JL. ANGGANA RT. 8', 19, 211, '2012-12-01', 'aktif', 'ISNI SUMARTI', '083153377073', '2024-05-06', '2029-05-06', NULL, NULL, NULL, '2025-10-27 23:45:40', '2025-10-27 23:45:40', NULL),
	(758, '431.2.64.02.01.121', 'NURUL HUDA II', 'JL. LONG APARI RT. 14', 19, 211, '2015-01-10', 'aktif', 'ENDANG SUKAISIH, S.Pd', '085250895645', '2024-05-06', '2024-05-06', NULL, NULL, NULL, '2025-10-27 23:45:40', '2025-10-27 23:45:40', NULL),
	(759, '431.2.64.02.01.122', 'AN NAAFI\'U', 'Kantor Sekretariat PP. Polri Cab. Kutai Kartanegara Jl. Awang Sabran BcHK Kel. Sukarame Kec. Tenggarong', 19, 215, '2021-09-28', 'aktif', 'H.M. GHUFRON, S.H.', '085246893617', '2024-05-06', '2029-05-06', NULL, NULL, NULL, '2025-10-27 23:45:40', '2025-10-27 23:45:40', NULL),
	(760, '431.2.64.02.01.123', 'KHADIJAH', 'Jl. KH. Ahmad Mukhsin No. 18 RT. 1', 19, 213, '2022-05-24', 'aktif', 'DARYANTI', '085246271662', '2024-05-06', '2024-05-06', NULL, NULL, NULL, '2025-10-27 23:45:40', '2025-10-27 23:45:40', NULL),
	(761, '431.2.64.02.01.124', 'DARUL HIDAYAH', 'Desa Bendang Raya RT. 009 Kecamatan Tenggarong', 19, 217, '2024-06-21', 'aktif', 'SUPENO', '085246872501', '2024-05-06', '2029-05-06', NULL, NULL, NULL, '2025-10-27 23:45:40', '2025-10-27 23:45:40', NULL),
	(762, '431.2.64.02.01.125', 'AS-SAKINAH', 'Jl. Tri Karya RT. 04 Dusun Triharjo Kec. Tenggarong', 19, 206, '2000-10-02', 'aktif', 'Dwi Utari', '081253034883', '2024-05-06', '2029-05-06', NULL, NULL, NULL, '2025-10-27 23:45:40', '2025-10-27 23:45:40', NULL),
	(763, '431.2.64.02.01.126', 'MIFTAHUL JANNAH', 'Jl. Danau Lipan RT. 31 Kelurahan Melayu Lecamatan Tenggarong', 19, 213, '2007-01-01', 'aktif', 'Drs. H. Marsidik', '081346282194', '2024-05-06', '2029-05-06', NULL, NULL, NULL, '2025-10-27 23:45:40', '2025-10-27 23:45:40', NULL),
	(764, '431.2.64.02.01.127', 'AL-ISTIQOMAH', 'Jl. Swadaya RT. 03 Kelurahan Bukit Biru', 19, 206, '2022-01-02', 'aktif', 'Faiqoh Indrayani, S.E', '08125806372', '2024-05-06', '2029-05-06', NULL, NULL, NULL, '2025-10-27 23:45:40', '2025-10-27 23:45:40', NULL),
	(765, '431.2.64.02.01.128', 'AL MUJAHIDDIN', 'Dusun Triharjo RT. 06 RW. 02 Kelurahan Bukit Biru Kec. Tenggarong', 19, 206, '2015-09-01', 'aktif', 'Ahmad Amin Thohari, AM.d', '089531697148', '2025-05-06', '2030-05-06', NULL, NULL, NULL, '2025-10-27 23:45:40', '2025-10-27 23:45:40', NULL),
	(766, '431.2.64.02.01.129', 'AS-SALAM', 'Jl. Belida I Blok D No. 1 Kelurahan Timbau Kec. Tenggarong', 19, 216, '2014-01-01', 'aktif', 'Drs. H. Nasrun', '081347098206', '2025-05-06', '2030-05-06', NULL, NULL, NULL, '2025-10-27 23:45:40', '2025-10-27 23:45:40', NULL),
	(767, '431.2.64.02.01.130', 'AL-AKBAR', 'Jl. Long Apari RT. 015 Kel. Mangkurawang Kec. Tenggarong', 19, 212, '2010-01-01', 'aktif', 'Roisatul Hidayati, M.Pd.', '085247793045', '2025-05-06', '2030-05-06', NULL, NULL, NULL, '2025-10-27 23:45:40', '2025-10-27 23:45:40', NULL),
	(768, '431.2.64.02.01.131', 'AL-UKHUWAH', 'Jl. Long Iram RT. 013 Kel. Mangkurawang Kec. Tenggarong', 19, 212, '2022-01-01', 'aktif', 'Sumarsini, S.Pd. AUD', '082251723257', '2025-05-06', '2030-05-06', NULL, NULL, NULL, '2025-10-27 23:45:40', '2025-10-27 23:45:40', NULL),
	(769, '431.2.64.02.01.132', 'AL-HIJRAH', 'Jl. Long Iram RT. 013 Kel. Mangkurawang Kec. Tenggarong', 19, 212, '2010-01-01', 'aktif', 'Kastini, S.Pd.', '085390771215', '2025-05-06', '2030-05-06', NULL, NULL, NULL, '2025-10-27 23:45:40', '2025-10-27 23:45:40', NULL),
	(770, '431.2.64.02.01.133', 'AL-HAWA', 'Jl. Datar Wanyi RT. 14 Kel. Mangkurawang Kec. Tenggarong', 19, 212, '2025-01-01', 'aktif', 'Siti Rohmah', '081350756082', '2025-05-06', '2030-05-06', NULL, NULL, NULL, '2025-10-27 23:45:40', '2025-10-27 23:45:40', NULL),
	(771, '431.2.64.02.01.134', 'ANNISA', 'Jl. Long Apari RT. 016 Kel. Mangkurawang Kec. Tenggarong', 19, 212, '2005-01-02', 'aktif', 'Sumarsini, S.Pd. AUD', '082251723257', '2025-05-06', '2030-05-06', NULL, NULL, NULL, '2025-10-27 23:45:40', '2025-10-27 23:45:40', NULL),
	(772, '431.2.64.02.01.135', 'KELOMPOK YASSINAN LANGGAR AL-HIMMAH', 'Jl. Kartini RT. 17 Kel. Melayu Kec. Tenggarong', 19, 213, '2013-11-20', 'aktif', 'Hj. Noor Jannah', '085250801106', '2025-05-06', '2030-05-06', NULL, NULL, NULL, '2025-10-27 23:45:40', '2025-10-27 23:45:40', NULL),
	(773, '431.2.64.02.01.136', 'HIDAYATULLAH', 'Jl. Wolter Mangunsidi No. 3 RT. 09 Kel. Timbau Kec. Tenggarong', 19, 216, '2020-01-25', 'aktif', 'Muhamad Hasan, S.Kom.', '082273238606', '2025-05-06', '2030-05-06', NULL, NULL, NULL, '2025-10-27 23:45:40', '2025-10-27 23:45:40', NULL),
	(774, '431.2.64.02.01.137', 'AL-ASHFA KUKAR', 'Jl. Pesut Gg. H.M. Salman A. RT 20 Kel. Timbau Kec. Tenggarong', 19, 216, '2025-03-12', 'aktif', 'Asep Saeful Alim, S.Pd.I.', '0853 8770 5005', '2025-05-06', '2030-05-06', NULL, NULL, NULL, '2025-10-27 23:45:40', '2025-10-27 23:45:40', NULL),
	(775, '431.2.64.02.01.138', 'AT-TAQWA', 'JIn Usaha Tani RT. 18 GG. 5 Kel. Mangkurawang Kecamatan Tenggarong', 19, 212, '2025-05-10', 'aktif', 'Hj. Arsiah', '082157961862', '2025-05-06', '2030-05-06', NULL, NULL, NULL, '2025-10-27 23:45:40', '2025-10-27 23:45:40', NULL),
	(776, '431.2.64.02.01.139', 'AL-QADAR', 'Jl. Danau Jempang RT. 25 Kel. Melayu Kec, Tenggarong', 19, 213, '1986-01-01', 'aktif', 'Hj. Janiar', '089526713716', '2025-05-06', '2030-05-06', NULL, NULL, NULL, '2025-10-27 23:45:40', '2025-10-27 23:45:40', NULL),
	(777, '431.2.64.02.01.140', 'AL-HUSNA', 'Jl. Danau Aji Gg. Mitra Rahmat RT.023 Kel. Melayu Kec. Tenggarong', 19, 213, '1995-05-05', 'aktif', 'Ana Rochmani', '081350982022', '2025-05-06', '2030-05-06', NULL, NULL, NULL, '2025-10-27 23:45:40', '2025-10-27 23:45:40', NULL),
	(778, '431.2.64.02.01.141', 'AL-AKHLAK', 'Jl. Datar Wanyi RT. 017 Kelurahan Mangkurawang Kec. Tenggarong', 19, 212, '2005-01-01', 'aktif', 'Sri Handayani', '081545031023', '2025-07-18', '2030-07-18', NULL, NULL, NULL, '2025-10-27 23:45:40', '2025-10-27 23:45:40', NULL),
	(779, '431.2.64.02.01.142', 'NURUL HIKMAH SRI MUNTAI', 'Jl. Gunung Belah Gg. Arsapati 4 No. 31 RT. 36 Kel. Loa Ipuh Kec. Tengggarong', 19, 208, '2008-01-02', 'aktif', 'Misnawati', '000000000000', '2025-05-06', '2030-05-06', NULL, NULL, NULL, '2025-10-27 23:45:40', '2025-10-27 23:45:40', NULL),
	(780, '431.2.64.02.01.143', 'DAARUL MUTTAQIN', 'Jl. Gunung Belah Gg. Beringin 3 RT. 44 Kel. Loa Ipuh Kec. Tenggarong', 19, 208, '2020-07-09', 'aktif', 'Nurlena', '085347793946', '2025-05-06', '2030-05-06', NULL, NULL, NULL, '2025-10-27 23:45:40', '2025-10-27 23:45:40', NULL),
	(781, '431.2.64.02.01.144', 'AL-MADINA', 'Jln. Setia raya Gang.2 RT.52 Kel. Loa Ipuh Kec. Tenggarong', 19, 208, '2020-02-07', 'aktif', 'ST. Ramelah', '0895604381177', '2025-05-06', '2030-05-06', NULL, NULL, NULL, '2025-10-27 23:45:40', '2025-10-27 23:45:40', NULL),
	(782, '431.2.64.02.01.145', 'LANGGAR CAHAYA ILAHI', 'Jl. Penyinggahan RT. 71 Kel. Loa Ipuh Kec. Tenggarong', 19, 208, '2025-07-09', 'aktif', 'Hj. Wahidah', '081351788139', '2025-05-06', '2030-05-06', NULL, NULL, NULL, '2025-10-27 23:45:40', '2025-10-27 23:45:40', NULL),
	(783, '431.2.64.02.01.146', 'AN-NISA', 'Jl. Kerama Jaya RT. 012 Kel. Mangkurawang Kec. Tenggarong', 19, 212, '1946-01-03', 'aktif', 'Eliana', '082158761972', '2025-05-06', '2030-05-06', NULL, NULL, NULL, '2025-10-27 23:45:40', '2025-10-27 23:45:40', NULL),
	(784, '431.2.64.02.01.147', 'AT-TAQWA', 'Jl. Teratai - Stadion RT. 04 Kel. Panji Kec. Tenggarong Kab. Kutai Kartanegara', 19, 214, '1946-01-03', 'aktif', 'Hj. Syamsiah', '085349726653', '2025-05-06', '2030-05-06', NULL, NULL, NULL, '2025-10-27 23:45:40', '2025-10-27 23:45:40', NULL),
	(785, '431.2.64.02.01.148', 'AL-HUSNA', 'Jln. Setia raya Gang.06 RT.52 No.24 B Kel. Loa Ipuh Kec. Tenggarong', 19, 208, '2024-11-24', 'aktif', 'Hj, Ratni Wati S.Pd', '081350978202', '2025-05-06', '2030-05-06', NULL, NULL, NULL, '2025-10-27 23:45:40', '2025-10-27 23:45:40', NULL),
	(786, '431.2.64.02.01.149', 'LANGGAR AL-MUSYAFIR', 'Jl. Anggana RT. 15 Kel. Panji Kec. Tenggarong Kab. Kutai Kartanegara', 19, 214, '2018-11-18', 'aktif', 'Noryani', '082159707753', '2025-05-06', '2030-05-06', NULL, NULL, NULL, '2025-10-27 23:45:40', '2025-10-27 23:45:40', NULL),
	(787, '431.2.64.02.01.150', 'JANNAH ILLAHIYYAH', 'Jl. Mangkurawang Gg. Rahmat No. 116 RT. 007 Kel. Mangkurawang Kec. Tenggarong', 19, 212, '2018-07-15', 'aktif', 'Sri Wahyuni, SE.', '082250167897', '2025-05-06', '2030-05-06', NULL, NULL, NULL, '2025-10-27 23:45:40', '2025-10-27 23:45:40', NULL),
	(788, '431.2.64.02.01.151', 'WALI SONGO', 'Jl. Kartini Gg. Keluarga RT. 61 Kel. Loa Ipuh Kec. Tenggarong', 19, 208, '2014-07-13', 'aktif', 'Hj. Elik Zuliana', '081350475248', '2025-05-06', '2030-05-06', NULL, NULL, NULL, '2025-10-27 23:45:40', '2025-10-27 23:45:40', NULL),
	(789, '431.2.64.02.01.152', 'FASTABIQTIL KHAIRAT', 'Jl. Tenis Lapangan RT. 13 Kel. Panji Kec. Tenggarong', 19, 214, '2010-01-12', 'aktif', 'Hj. Juwairiah', '08125517225', '2025-05-06', '2030-05-06', NULL, NULL, NULL, '2025-10-27 23:45:40', '2025-10-27 23:45:40', NULL),
	(790, '431.2.64.02.01.153', 'HUSNUL KHATIMAH', 'Jl. Punai No. 24 Kel. Sukarame Kec. Tenggarong', 19, 215, '2012-01-24', 'aktif', 'Rosida', '081254220675', '2025-05-06', '2030-05-06', NULL, NULL, NULL, '2025-10-27 23:45:40', '2025-10-27 23:45:40', NULL),
	(791, '431.2.64.02.01.154', 'LANGGAR SADAR', 'Jl Mangkurawang RT. 05 Gg. 10 Kel. Mangkurawang Kec. Tenggarong', 19, 212, '2023-09-29', 'aktif', 'Mirawati', '0813 74746619', '2025-05-06', '2030-05-06', NULL, NULL, NULL, '2025-10-27 23:45:40', '2025-10-27 23:45:40', NULL),
	(792, '431.2.64.02.01.155', 'NURIL ANWAR', 'Jl. Danau Murung Gg Mitra Wahyu RT. 023 Kel. Melayu Kec. Tenggarong', 19, 213, '2011-01-28', 'aktif', 'Hj. Mariana', '000000000000', '2025-05-06', '2030-05-06', NULL, NULL, NULL, '2025-10-27 23:45:40', '2025-10-27 23:45:40', NULL),
	(793, '431.2.64.02.01.156', 'ANNISATUL JANNAH', 'Jl. Kartini Gg Karya RT. 61 Kel. Loa Ipuh Kec. Tenggarong', 19, 208, '2010-09-10', 'aktif', 'Hj. Kustik', '081346296155', '2025-05-06', '2030-05-06', NULL, NULL, NULL, '2025-10-27 23:45:40', '2025-10-27 23:45:40', NULL),
	(794, '431.2.64.02.01.157', 'NURUL \'AINI', 'Jl. Gunung Belah Gg. Arsapati 3 RT. 076 Kel. Loa Ipuh Kec. Tenggarong', 19, 208, '2010-01-17', 'aktif', 'Rusdiana.A', '000000000000', '2025-05-06', '2030-05-06', NULL, NULL, NULL, '2025-10-27 23:45:40', '2025-10-27 23:45:40', NULL),
	(795, '431.2.64.02.01.158', 'AL-MUTTAQIN', 'Jl. Lai RT. 07 Kel. Panji Kec. Tenggarong', 19, 214, '2015-06-27', 'aktif', 'Hj. Shofiyah', '081347828235', '2025-05-06', '2030-05-06', NULL, NULL, NULL, '2025-10-27 23:45:40', '2025-10-27 23:45:40', NULL),
	(796, '431.2.64.02.01.159', 'AL-HUSNA', 'Jl. Mangkurawang RT. 07 Gg. 15 No. 91 Kel. Mangkurawang Kec. Tenggarong', 19, 212, '2005-01-23', 'aktif', 'Endang Rusni Damayanti', '082253073784', '2025-07-25', '2030-07-25', NULL, NULL, NULL, '2025-10-27 23:45:40', '2025-10-27 23:45:40', NULL),
	(797, '431.2.64.02.01.160', 'AL-MUNAWWARAH', 'Jl. Gunung Belah No. 40 RT. 64 Kel. Loa Ipuh Kec. Tenggarong', 19, 208, '2002-02-21', 'aktif', 'Yeni Hasan', '085251730554', '2025-07-29', '2030-07-29', NULL, NULL, NULL, '2025-10-27 23:45:40', '2025-10-27 23:45:40', NULL),
	(798, '431.2.64.02.01.161', 'SAHABAT MUSLIMAH', 'Jl. Penjaitan Gg. 4 RT. 3 No. 67 Kel. Loa Ipuh Kec. Tenggarong', 19, 208, '2023-11-08', 'aktif', 'Sa\'adah', '085246227899', '2025-07-29', '2030-07-29', NULL, NULL, NULL, '2025-10-27 23:45:40', '2025-10-27 23:45:40', NULL),
	(799, '431.2.64.02.01.162', 'JADDUL MUTTAQIN', 'Jl. Panjaitan Gg. 4 RT.03 No. 25 Kel. Loa Ipuh Kec. Tenggarong', 19, 208, '2017-01-01', 'aktif', 'Hj. Sarminah', '081255628269', '2025-07-29', '2030-07-29', NULL, NULL, NULL, '2025-10-27 23:45:40', '2025-10-27 23:45:40', NULL),
	(800, '431.2.64.02.01.163', 'MUSLIMAH BAITUL BANUN', 'Jl. Mangkuraja RT. 23 Kel. Loa Ipuh Kec. Tenggarong', 19, 208, '2018-02-05', 'aktif', 'Hj. Syukriah, Amd, Keb.SKM, MKM', '081347363655', '2025-07-29', '2030-07-29', NULL, NULL, NULL, '2025-10-27 23:45:40', '2025-10-27 23:45:40', NULL),
	(801, '431.2.64.02.01.164', 'AL-HIKMAH MERENDAN', 'Jl. Gunung Belah No. 51 RT. 51 Gg. Arsapati 7 Kel. Loa Ipuh Kec. Tenggarong', 19, 208, '2011-01-02', 'aktif', 'Rulia Ulfa', '081250406631', '2025-07-29', '2030-07-29', NULL, NULL, NULL, '2025-10-27 23:45:40', '2025-10-27 23:45:40', NULL),
	(802, '431.2.64.02.01.165', 'MIFTAHUL JANNAH AL-IKHLAS', 'Jl. Mayjend Panjaitan Gg. Ikhlas RT. 07 Kel. Loa Ipuh Kec. Tenggarong', 19, 208, '2008-08-15', 'aktif', 'Hj. Kastianah', '082158889089', '2025-07-29', '2030-07-29', NULL, NULL, NULL, '2025-10-27 23:45:40', '2025-10-27 23:45:40', NULL),
	(803, '431.2.64.02.01.166', 'MUARA SIRAM (ARJUNA)', 'Jl. Gunung Belah Gg. Amanah 2 RT 49 Kel. Loa Ipuh Kec. Tenggarong', 19, 208, '2020-07-09', 'aktif', 'Marjana', '0895705216721', '2025-07-29', '2030-07-29', NULL, NULL, NULL, '2025-10-27 23:45:40', '2025-10-27 23:45:40', NULL),
	(804, '431.2.64.02.01.167', 'NURUL FADHILAH', 'Jl. Bougenville, Gg. Langgar Baitusholihin, RT. 06, Kel. Sukarame, Kec. Tenggarong', 19, 215, '2001-01-01', 'aktif', 'Istianah', '085250330677', '2025-07-31', '2030-07-31', NULL, NULL, NULL, '2025-10-27 23:45:40', '2025-10-27 23:45:40', NULL),
	(805, '431.2.64.02.01.168', 'AN - NISA', 'Jl. Kartini, RT. 056, Kel. Loa Ipuh, Kec. Tenggarong', 19, 208, '2011-01-17', 'aktif', 'Hj. Sri Heriana', '08125395596', '2025-07-31', '2030-07-31', NULL, NULL, NULL, '2025-10-27 23:45:40', '2025-10-27 23:45:40', NULL),
	(806, '431.2.64.02.01.169', 'AL - MUSAFIRIN', 'Jl. Mangkuraja, RT. 068, Kel. Loa Ipuh, Kec. Tenggarong', 19, 208, '2006-08-07', 'aktif', 'Rusmi Ratni', '085245037335', '2025-08-01', '2030-08-01', NULL, NULL, NULL, '2025-10-27 23:45:40', '2025-10-27 23:45:40', NULL),
	(807, '431.2.64.02.01.170', 'AL - JANNATUNAA\'IM', 'Jl. Kenanga, RT. 9, Kel. Panji, Kec. Tenggarong', 19, 214, '1998-01-02', 'aktif', 'Hj. Asmiarni', '082154929574', '2025-08-01', '2030-08-01', NULL, NULL, NULL, '2025-10-27 23:45:40', '2025-10-27 23:45:40', NULL),
	(808, '431.2.64.02.01.171', 'LANGGAR AL-IMAN', 'Jl. Kartini, Gg. Firdaus, RT. 025, Kel. Loa Ipuh, Kec. Tenggarong', 19, 208, '2022-08-19', 'aktif', 'Hj. Ni\'mah, S.Pd.I', '085250545599', '2025-08-01', '2030-08-01', NULL, NULL, NULL, '2025-10-27 23:45:40', '2025-10-27 23:45:40', NULL),
	(809, '431.2.64.02.01.172', 'JABAL RAHMAH', 'Jl. Mayjend Panjaitan, Gg. 3, No. 36, RT. 002, Kel. Loa Ipuh, Kec. Tenggarong', 19, 208, '2024-08-03', 'aktif', 'Sri Devi', '085250447480', '2025-08-05', '2030-08-05', NULL, NULL, NULL, '2025-10-27 23:45:40', '2025-10-27 23:45:40', NULL),
	(810, '431.2.64.02.01.173', 'RIBATHUL KHAIR', 'Jl. Anggrek, RT. 012, Kel. Sukarame, Kec. Tenggarong', 19, 215, '1995-01-02', 'aktif', 'Zulfiah SY', '082148624752', '2025-08-05', '2030-08-05', NULL, NULL, NULL, '2025-10-27 23:45:40', '2025-10-27 23:45:40', NULL),
	(811, '431.2.64.02.01.174', 'NURUL QOLBI RT. 008', 'Jl. Margatama Mulawarman, RT. 008, Kel. Bukit Biru, Kec. Tenggarong', 19, 206, '2022-11-02', 'aktif', 'Nur Hidayah', '085346936703', '2025-08-06', '2030-08-06', NULL, NULL, NULL, '2025-10-27 23:45:40', '2025-10-27 23:45:40', NULL),
	(812, '431.2.64.02.01.175', 'NUR JANNAH', 'Jl. Pahlawan, RT. 007, Kel. Bukit Biru, Kec. Tenggarong', 19, 206, '1995-06-08', 'aktif', 'Budi Suryani', '082256841454', '2025-08-06', '2030-08-06', NULL, NULL, NULL, '2025-10-27 23:45:40', '2025-10-27 23:45:40', NULL),
	(813, '431.2.64.02.01.176', 'AL-HIDAYAH BENSAMAR', 'Jl. Bensamar, RT. 007, Kel. Loa Ipuh Darat, Kec. Tenggarong', 19, 209, '2013-01-15', 'aktif', 'Siti Hawa', '08125472343', '2025-08-08', '2030-08-08', NULL, NULL, NULL, '2025-10-27 23:45:40', '2025-10-27 23:45:40', NULL),
	(814, '431.2.64.02.01.177', 'ADZ-DZIKRO', 'Jl. Pahlawan, Gg. Potlot, RT. 024, Kel. Bukit Biru, Kec. Tenggarong', 19, 206, '2017-04-26', 'aktif', 'Eni Supriati', '085349664576', '2025-08-08', '2030-08-08', NULL, NULL, NULL, '2025-10-27 23:45:40', '2025-10-27 23:45:40', NULL),
	(815, '431.2.64.02.01.178', 'NURUL HIKMAH', 'Jl. Danau Aji, RT. 032, Kel. Melayu, Kec. Tenggarong', 19, 213, '1995-01-09', 'aktif', 'Mariah', '082351083283', '2025-08-08', '2030-08-08', NULL, NULL, NULL, '2025-10-27 23:45:40', '2025-10-27 23:45:40', NULL),
	(816, '431.2.64.02.01.179', 'RAUDHATUN NISSA', 'Jl. Selimpat, RT. 017, Kel. Panji, Kec. Tenggarong', 19, 214, '2003-03-01', 'aktif', 'Hj. Jahrah, S.Pd.', '085246851233', '2025-08-08', '2030-08-08', NULL, NULL, NULL, '2025-10-27 23:45:40', '2025-10-27 23:45:40', NULL),
	(817, '431.2.64.02.01.180', 'SABILLU SA\'ADAH', 'Jl. Kauman, RT. 010, Kel. Bukit Biru, Kec. Tenggarong', 19, 206, '1978-12-31', 'aktif', 'Rumini', '081346650312', '2025-08-11', '2030-08-11', NULL, NULL, NULL, '2025-10-27 23:45:40', '2025-10-27 23:45:40', NULL),
	(818, '431.2.64.02.01.181', 'DARUSSALAM', 'Jl. Margatama Mulawarman, RT. 022, Kel. Bukit Biru, Kec. Tenggarong', 19, 206, '2023-01-15', 'aktif', 'Jumaide', '085387367698', '2025-08-11', '2030-08-11', NULL, NULL, NULL, '2025-10-27 23:45:40', '2025-10-27 23:45:40', NULL),
	(819, '431.2.64.02.01.182', 'NURUL IMAN', 'Jl. Kediri I, RT. 016, Kel. Bukit Biru, Kec. Tenggarong', 19, 206, '2010-02-25', 'aktif', 'Munawaroh', '085753420893', '2025-08-11', '2030-08-11', NULL, NULL, NULL, '2025-10-27 23:45:40', '2025-10-27 23:45:40', NULL),
	(820, '431.2.64.02.01.183', 'AL-KHOIRIAH', 'Jl. Kauman, RT. 010, Kel. Bukit Biru, Kec. Tenggarong', 19, 206, '2014-01-02', 'aktif', 'Haryati', '0895704374686', '2025-08-11', '2030-08-11', NULL, NULL, NULL, '2025-10-27 23:45:40', '2025-10-27 23:45:40', NULL),
	(821, '431.2.64.02.01.184', 'AL-MU\'MINUN', 'Jl. Kauman, RT. 010, Kel. Bukit Biru, Kec. Tenggarong', 19, 206, '2001-01-02', 'aktif', 'Abdul Wahid', '089626824697', '2025-08-11', '2030-08-11', NULL, NULL, NULL, '2025-10-27 23:45:40', '2025-10-27 23:45:40', NULL),
	(822, '431.2.64.02.01.185', 'NURUL HUDA', 'Jl. Margatama RT. 23 Kelurahan Bukit Biru Kec. Tenggarong', 19, 206, '2018-08-10', 'aktif', 'Suwarni', '085391250779', '2025-08-11', '2030-08-11', NULL, NULL, NULL, '2025-10-27 23:45:40', '2025-10-27 23:45:40', NULL),
	(823, '431.2.64.02.01.186', 'AS SYAHADA', 'Jl. Margatama Gang Banyumas RT. 11 Kelurahan Bukit Biru Kec. Tenggarong', 19, 206, '1998-08-10', 'aktif', 'Vetti Fatimah', '085319331556', '2025-08-11', '2030-08-11', NULL, NULL, NULL, '2025-10-27 23:45:40', '2025-10-27 23:45:40', NULL),
	(824, '431.2.64.02.01.187', 'AL-MANSYUR', 'Jl. Banyumas RT. 12 Kelurahan Bukit Biru Kec. Tenggarong', 19, 206, '2000-01-22', 'aktif', 'Sulastri', '085822332653', '2025-08-11', '2030-08-11', NULL, NULL, NULL, '2025-10-27 23:45:40', '2025-10-27 23:45:40', NULL),
	(825, '431.2.64.02.01.188', 'UMMUL MU\'MININ', 'Jl. Swadaya RT. 01 Kelurahan Bukit Biru Kec. Tenggarong', 19, 206, '1998-08-01', 'aktif', 'Dwi Lestari', '081254886101', '2025-08-11', '2030-08-11', NULL, NULL, NULL, '2025-10-27 23:45:40', '2025-10-27 23:45:40', NULL),
	(826, '431.2.64.02.01.189', 'AZZAHRA', 'Jl. Margatama Mulawarman RT. 18 Kelurahan Bukit Biru Kec. Tenggarong', 19, 206, '2000-01-17', 'aktif', 'Maryati', '085250418813', '2025-08-11', '2030-08-11', NULL, NULL, NULL, '2025-10-27 23:45:40', '2025-10-27 23:45:40', NULL),
	(827, '431.2.64.02.01.190', 'AL-AMANAH', 'Jl. Gunung Sentul, RT. 034, Kel. Melayu, Kec. Tenggarong', 19, 213, '2000-08-12', 'aktif', 'Siti Kamariyah', '085242736919', '2025-08-13', '2030-08-13', NULL, NULL, NULL, '2025-10-27 23:45:40', '2025-10-27 23:45:40', NULL),
	(828, '431.2.64.02.01.191', 'AN NUR', 'Jl. Jember, RT. 019, Kel. Bukit Biru, Kec. Tenggarong', 19, 206, '1996-01-20', 'aktif', 'Poniyati, S.Pd', '085347884131', '2025-08-14', '2030-08-14', NULL, NULL, NULL, '2025-10-27 23:45:40', '2025-10-27 23:45:40', NULL),
	(829, '431.2.64.02.01.192', 'AZZAHRA', 'Jl. Anggana, RT. 018, Kel. Panji, Kec. Tenggarong', 19, 214, '2015-01-10', 'aktif', 'Isnaniah', '081211574429', '2025-08-19', '2030-08-19', NULL, NULL, NULL, '2025-10-27 23:45:40', '2025-10-27 23:45:40', NULL),
	(830, '431.2.64.02.01.193', 'NUR IMAN', 'Jl. Anggana, RT. 018, Kel. Panji, Kec. Tenggarong', 19, 214, '2008-07-08', 'aktif', 'Erna Wati', '082353867736', '2025-08-19', '2030-08-19', NULL, NULL, NULL, '2025-10-27 23:45:40', '2025-10-27 23:45:40', NULL),
	(831, '431.2.64.02.01.194', 'NUR JANNAH', 'Jl. Trikarya, RT. 005, Kel. Bukit Baru, Kec. Tenggarong', 19, 206, '2010-01-10', 'aktif', 'Badriyah', '085346716989', '2025-08-19', '2030-08-19', NULL, NULL, NULL, '2025-10-27 23:45:40', '2025-10-27 23:45:40', NULL),
	(832, '431.2.64.02.01.195', 'NURUL IMAN', 'Jl. Melak I, RT. 024, Kel. Loa Ipuh, Kec. Tenggarong', 19, 208, '2010-06-03', 'aktif', 'Rina Sunarsih', '082154177939', '2025-08-19', '2030-08-19', NULL, NULL, NULL, '2025-10-27 23:45:40', '2025-10-27 23:45:40', NULL),
	(833, '431.2.64.02.01.196', 'ISTIQOMAH', 'Jl. Margatama Mulawarman, RT. 009, Kel. Bukit Biru, Kec. Tenggarong', 19, 206, '2006-01-10', 'aktif', 'AMBARWATI', '0895412540574', '2025-08-19', '2030-08-19', NULL, NULL, NULL, '2025-10-27 23:45:40', '2025-10-27 23:45:40', NULL),
	(834, '431.2.64.02.01.197', 'AL-ISHLAH', 'Jl. Diponegoro, Gg. Koni No. 33, RT. 010, Kel. Sukarame, Kec. Tenggarong', 19, 215, '2005-11-12', 'aktif', 'Hj. Fatimah', '08125527587', '2025-08-19', '2030-08-19', NULL, NULL, NULL, '2025-10-27 23:45:40', '2025-10-27 23:45:40', NULL),
	(835, '431.2.64.02.01.198', 'AR ROSIDAH', 'Jl. Belida No. 57, RT. 029, Kel. Timbau, Kec. Tenggarong', 19, 216, '2020-08-05', 'aktif', 'Hafsyah Padia', '082149591955', '2025-08-27', '2030-08-27', NULL, NULL, NULL, '2025-10-27 23:45:40', '2025-10-27 23:45:40', NULL),
	(836, '431.2.64.02.01.199', 'RAUDHATUL JANNAH', 'Jl. Kediri I, RT. 015, Kel. Bukit Biru, Kec. Tenggarong', 19, 206, '2023-12-10', 'aktif', 'Eva Christianingsih', '085822517493', '2025-08-27', '2030-08-27', NULL, NULL, NULL, '2025-10-27 23:45:40', '2025-10-27 23:45:40', NULL),
	(837, '431.2.64.02.01.200', 'ASWAJA CENDIKIA', 'Jl. Margatama Mulawarman, RT. 025, Kel. Bukit Biru, Kec. Tenggarong', 19, 206, '2025-02-10', 'aktif', 'Dian Yusriani, A.Md', '085330823841', '2025-08-29', '2030-08-29', NULL, NULL, NULL, '2025-10-27 23:45:40', '2025-10-27 23:45:40', NULL),
	(838, '431.2.64.02.01.201', 'KHADIJAH', 'Jl. Swadaya, RT. 014, Kel. Bukit Biru, kec. Tenggarong', 19, 206, '2025-07-17', 'aktif', 'Kalimatun Haqqin Adawiyah, S.Pd.I', '082155855133', '2025-08-29', '2030-08-29', NULL, NULL, NULL, '2025-10-27 23:45:40', '2025-10-27 23:45:40', NULL),
	(839, '431.2.64.02.01.202', 'AL-IHSAN', 'Jl. Margatama Mulawarman Surakarta 4, RT. 013, Kel. Bukit Biru, Kec. Tenggarong', 19, 206, '2021-11-20', 'aktif', 'Nur Hidayah', '089520893500', '2025-08-29', '2030-08-29', NULL, NULL, NULL, '2025-10-27 23:45:40', '2025-10-27 23:45:40', NULL),
	(840, '431.2.64.02.01.203', 'DA\'WATUL KHAIR', 'Jl. APT. Pranoto, RT. 003, Kel. Sukarame, Kec. Tenggarong', 19, 215, '2023-07-04', 'aktif', 'Hj. Sulastri', '082249399208', '2025-09-01', '2025-09-01', NULL, NULL, NULL, '2025-10-27 23:45:40', '2025-10-27 23:45:40', NULL),
	(871, '431.2.64.02.02.001', 'AS-SYIFA', 'Jl. Margasari Gg. H. Idris RT. 021', 7, 59, '1946-01-03', 'aktif', 'Andi Tiara Nur Fadhillah, S. Pd.', '081520455535', '2025-05-06', '2030-05-06', NULL, NULL, NULL, '2025-10-28 00:25:31', '2025-10-28 00:25:31', NULL),
	(872, '431.2.64.02.02.003', 'AN-NISA', 'Jl. Gunung Petung, RT. 003', 7, 63, '2013-01-26', 'aktif', 'HJ. NINIK KASTIAWATI, S.Pd.', '082198047963', '2025-08-08', '2030-08-08', NULL, NULL, NULL, '2025-10-28 00:25:31', '2025-10-28 00:25:31', NULL),
	(873, '431.2.64.02.02.004', 'NURUL HUDA', 'Jl. Dr. Fl. Thobing, RT. 004', 7, 63, '2012-07-12', 'aktif', 'MARIAMAH', '082157619011', '2025-08-08', '2030-08-08', NULL, NULL, NULL, '2025-10-28 00:25:31', '2025-10-28 00:25:31', NULL),
	(883, '431.2.64.02.08.001', 'KELOMPOK YASIN AL ISTIQOMAH', 'JLN. SWADAYA BLOK 11 RT 12', 15, 159, '2008-01-01', 'belum_update', 'PAINI', '000000000000', '1946-01-03', '1946-01-03', NULL, NULL, NULL, '2025-10-28 04:14:36', '2025-10-28 04:14:36', NULL),
	(884, '431.2.64.02.08.002', 'MAJELIS TA\'LIM ISTIQOMAH', 'JL. TERATAI RT. 19', 15, 158, '2000-01-01', 'belum_update', 'HJ. NURIBATI', '000000000000', '1946-01-03', '1946-01-03', NULL, NULL, NULL, '2025-10-28 04:14:36', '2025-10-28 04:14:36', NULL),
	(885, '431.2.64.02.08.003', 'MAJELIS TA\'LIM AL MAARIF', 'JL. MESJID', 15, 158, '1995-01-01', 'belum_update', 'HJ. NANA', '000000000000', '1946-01-03', '1946-01-03', NULL, NULL, NULL, '2025-10-28 04:14:36', '2025-10-28 04:14:36', NULL),
	(886, '431.2.64.02.08.004', 'MAJELIS TA\'LIM AL MUTAQQIEN', 'JL. DR WAHIDIN', 15, 158, '1999-01-01', 'belum_update', 'HJ. MESAH', '000000000000', '1946-01-03', '1946-01-03', NULL, NULL, NULL, '2025-10-28 04:14:36', '2025-10-28 04:14:36', NULL),
	(887, '431.2.64.02.08.005', 'MAJELIS TA\'LIM AL MUBARRAQ', 'JL. DR WAHIDIN', 15, 158, '1998-01-01', 'belum_update', 'HJ. JARIAH', '000000000000', '1946-01-03', '1946-01-03', NULL, NULL, NULL, '2025-10-28 04:14:36', '2025-10-28 04:14:36', NULL),
	(888, '431.2.64.02.08.006', 'MAJELIS TA\'LIM AL MISBAH', 'JL. YOS SUDARSO', 15, 158, '2001-01-01', 'belum_update', 'BIDAYAH', '000000000000', '1946-01-03', '1946-01-03', NULL, NULL, NULL, '2025-10-28 04:14:36', '2025-10-28 04:14:36', NULL),
	(889, '431.2.64.02.08.007', 'MAJELIS TA\'LIM ASSYIFA', 'JL. CORONG', 15, 158, '2009-01-01', 'belum_update', 'Drs. SYAIFUL ISLAM', '000000000000', '1946-01-03', '1946-01-03', NULL, NULL, NULL, '2025-10-28 04:14:36', '2025-10-28 04:14:36', NULL),
	(890, '431.2.64.02.08.008', 'MAJELIS TA\'LIM AR RAUDAH', 'MASJID ISTIQOMAH BANGSAL HUTAN', 15, 158, '2016-01-01', 'belum_update', 'Anonim', '000000000000', '1946-01-03', '1946-01-03', NULL, NULL, NULL, '2025-10-28 04:14:36', '2025-10-28 04:14:36', NULL),
	(891, '431.2.64.02.08.009', 'MAJELIS TA\'LIM AS-SUNAH', 'SARIJAYA', 15, 160, '1946-01-03', 'belum_update', 'POERWANTO PRIHADI', '000000000000', '1946-01-03', '1946-01-03', NULL, NULL, NULL, '2025-10-28 04:14:36', '2025-10-28 04:14:36', NULL),
	(892, '431.2.64.02.08.010', 'SHALAWAT FATIMAH', 'SARIJAYA', 15, 160, '1946-01-03', 'belum_update', 'KARIANI', '000000000000', '1946-01-03', '1946-01-03', NULL, NULL, NULL, '2025-10-28 04:14:36', '2025-10-28 04:14:36', NULL),
	(893, '431.2.64.02.08.011', 'SHALAWAT NURUL HIDAYAH', 'SARIJAYA', 15, 160, '1946-01-03', 'belum_update', 'RAMLAH L', '000000000000', '1946-01-03', '1946-01-03', NULL, NULL, NULL, '2025-10-28 04:14:36', '2025-10-28 04:14:36', NULL),
	(894, '431.2.64.02.08.012', 'YPPIMM ANAK CAB. NURUL ISLAM', 'JL. YOS SUDARSO', 15, 158, '1946-01-03', 'belum_update', 'ADAM KAREBA', '000000000000', '1946-01-03', '1946-01-03', NULL, NULL, NULL, '2025-10-28 04:14:36', '2025-10-28 04:14:36', NULL),
	(895, '431.2.64.02.08.013', 'YPPIMM ANAK CAB. NURUL ISLAM', 'KEL. JAWA', 15, 157, '1946-01-03', 'belum_update', 'SUJAR', '000000000000', '1946-01-03', '1946-01-03', NULL, NULL, NULL, '2025-10-28 04:14:36', '2025-10-28 04:14:36', NULL),
	(896, '431.2.64.02.08.014', 'MAJELIS TA\'LIM AL AMIN', 'KEL. JAWA', 15, 157, '1998-01-01', 'belum_update', 'HJ.SUMARNI', '000000000000', '1946-01-03', '1946-01-03', NULL, NULL, NULL, '2025-10-28 04:14:36', '2025-10-28 04:14:36', NULL),
	(897, '431.2.64.02.08.015', 'MAJELIS TA\'LIM AR RAUDAH', 'KEL. JAWA', 15, 157, '2016-01-01', 'belum_update', 'Anonim', '000000000000', '1946-01-03', '1946-01-03', NULL, NULL, NULL, '2025-10-28 04:14:36', '2025-10-28 04:14:36', NULL),
	(898, '431.2.64.02.08.016', 'YPPIMM ANAK CAB. NURUL ISLAM', 'JL. BUDIYONO', 15, 161, '1946-01-03', 'belum_update', 'BASRIANSYAH', '000000000000', '1946-01-03', '1946-01-03', NULL, NULL, NULL, '2025-10-28 04:14:36', '2025-10-28 04:14:36', NULL),
	(899, '431.2.64.02.08.017', 'SHOLAWAT NUR HIDAYAH', 'SANGA-SANGA MUARA', 15, 161, '1946-01-03', 'belum_update', 'NAIMAH', '000000000000', '1946-01-03', '1946-01-03', NULL, NULL, NULL, '2025-10-28 04:14:36', '2025-10-28 04:14:36', NULL),
	(900, '431.2.64.02.08.018', 'SHOLAWAT FATIMAH', 'JL. PADAT KARYA RT. 04', 15, 161, '1946-01-03', 'belum_update', 'KAMSIAH', '000000000000', '1946-01-03', '1946-01-03', NULL, NULL, NULL, '2025-10-28 04:14:36', '2025-10-28 04:14:36', NULL),
	(901, '431.2.64.02.08.019', 'SHOLAWAT NURUL HIDAYAH', 'JL. PADAT KARYA RT. 04', 15, 161, '1946-01-03', 'belum_update', 'KAMSIAH', '000000000000', '1946-01-03', '1946-01-03', NULL, NULL, NULL, '2025-10-28 04:14:36', '2025-10-28 04:14:36', NULL),
	(902, '431.2.64.02.08.020', 'SHOLAWAT FATSHABIQUL KHAIROT', 'JL. SETIA MAJU RT.03', 15, 159, '1946-01-03', 'belum_update', 'HJ. SARIFAH', '000000000000', '1946-01-03', '1946-01-03', NULL, NULL, NULL, '2025-10-28 04:14:36', '2025-10-28 04:14:36', NULL),
	(903, '431.2.64.02.08.021', 'REMAJA LANGGAR NUR FADILAH', 'JL. PUDAK BARU', 15, 159, '1946-01-03', 'belum_update', 'HADIJAH', '000000000000', '1946-01-03', '1946-01-03', NULL, NULL, NULL, '2025-10-28 04:14:36', '2025-10-28 04:14:36', NULL),
	(904, '431.2.64.02.08.022', 'YASINAN NUR FADILAH', 'PENDINGIN RT. 13', 15, 159, '2010-01-01', 'belum_update', 'AINUN ROSYIDAH', '000000000000', '1946-01-03', '1946-01-03', NULL, NULL, NULL, '2025-10-28 04:14:36', '2025-10-28 04:14:36', NULL),
	(905, '431.2.64.02.08.023', 'YASINAN AL ABROR', 'PENDINGIN', 15, 159, '2012-01-01', 'belum_update', 'MUSLIH', '000000000000', '1946-01-03', '1946-01-03', NULL, NULL, NULL, '2025-10-28 04:14:36', '2025-10-28 04:14:36', NULL),
	(906, '431.2.64.02.08.024', 'MAJELIS TA\'LIM AS-SYIFA', 'JL. JAYA MAKMUR RT. 02', 15, 159, '1946-01-03', 'belum_update', 'H. HAMZAH', '000000000000', '1946-01-03', '1946-01-03', NULL, NULL, NULL, '2025-10-28 04:14:36', '2025-10-28 04:14:36', NULL),
	(907, '431.2.64.02.08.025', 'MAJELIS TA\'LIM AS-SYAKIRIN', 'JL. SETIA BAKTI', 15, 161, '2008-01-01', 'belum_update', 'SUPIANI', '000000000000', '1946-01-03', '1946-01-03', NULL, NULL, NULL, '2025-10-28 04:14:36', '2025-10-28 04:14:36', NULL),
	(908, '431.2.64.02.08.026', 'SHOLAWAT KHAIRUNNISA', 'PENDINGIN RT. 02', 15, 159, '2000-01-01', 'belum_update', 'HALWANIAH', '000000000000', '1946-01-03', '1946-01-03', NULL, NULL, NULL, '2025-10-28 04:14:36', '2025-10-28 04:14:36', NULL),
	(909, '431.2.64.02.08.027', 'YAYASAN AS-SYIFA', 'JL. JAYA MAKMUR', 15, 159, '1946-01-03', 'belum_update', 'H. YAMANI', '000000000000', '1946-01-03', '1946-01-03', NULL, NULL, NULL, '2025-10-28 04:14:36', '2025-10-28 04:14:36', NULL),
	(910, '431.2.64.02.08.028', 'HABSYI RAUDATUL JANNAH', 'JL. JAYA MAKMUR RT.05 KEL. PENDINGIN', 15, 159, '2016-01-01', 'belum_update', 'MARYUNI', '000000000000', '2019-01-01', '2024-01-01', NULL, NULL, NULL, '2025-10-28 04:14:36', '2025-10-28 04:14:36', NULL),
	(911, '431.2.64.02.08.029', 'YASINAN NURUL IMAN', 'JL. MAKMUR RT.011 KEL. PENDINGIN', 15, 159, '2016-01-01', 'belum_update', 'HJ. MINEM', '000000000000', '2019-01-01', '2024-01-01', NULL, NULL, NULL, '2025-10-28 04:14:36', '2025-10-28 04:14:36', NULL),
	(912, '431.2.64.02.08.030', 'Nurul Amin', 'Jl. Jendral Sudirman RT. 17 Sangasanga Dalam', 15, 158, '1946-01-03', 'belum_update', 'Jumatnah', '000000000000', '1946-01-03', '1946-01-03', NULL, NULL, NULL, '2025-10-28 04:14:36', '2025-10-28 04:14:36', NULL),
	(913, '431.2.64.02.08.031', 'Nurul Mu\'minin', 'Jl. Madrasah RT. 12a RW. 04 Sangasanga Dalam', 15, 158, '1946-01-03', 'belum_update', 'Herlina Payung, S.Pd', '000000000000', '1946-01-03', '1946-01-03', NULL, NULL, NULL, '2025-10-28 04:14:36', '2025-10-28 04:14:36', NULL),
	(914, '431.2.64.02.08.032', 'Al Husna', 'Jl. Madrasah RT. 12a RW. 04 Sangasanga Dalam', 15, 158, '1946-01-03', 'belum_update', 'Salasiah', '000000000000', '1946-01-03', '1946-01-03', NULL, NULL, NULL, '2025-10-28 04:14:36', '2025-10-28 04:14:36', NULL),
	(915, '431.2.64.02.08.033', 'Al Mukarromah', 'Jl. Jendral Sudirman RT. 17 Sangasanga Dalam', 15, 158, '1946-01-03', 'belum_update', 'Moh. Rais, S.H', '000000000000', '1946-01-03', '1946-01-03', NULL, NULL, NULL, '2025-10-28 04:14:36', '2025-10-28 04:14:36', NULL),
	(916, '431.2.64.02.08.034', 'Nurul Musthofa', 'Jl. Padat Karya RT. 04 Sangasanga Muara', 15, 158, '1946-01-03', 'belum_update', 'Ahmad Mulhan', '000000000000', '1946-01-03', '1946-01-03', NULL, NULL, NULL, '2025-10-28 04:14:36', '2025-10-28 04:14:36', NULL),
	(917, '431.2.64.02.08.035', 'Raudhatul Jannah', 'Jl. Budiyono RT. 07 Sangasanga Muara', 15, 158, '1946-01-03', 'belum_update', 'Shofwan Khalid', '000000000000', '1946-01-03', '1946-01-03', NULL, NULL, NULL, '2025-10-28 04:14:36', '2025-10-28 04:14:36', NULL),
	(918, '431.2.64.02.03.001', 'MAJELIS HABSYI MARAWIS AL- YAQIN', 'JL. GERBANG DAYAKU RT. 03 RW 01 NO.33', 6, 51, '1946-03-01', 'belum_update', 'MUHAMMAD AMIN', '000000000000', '1946-03-01', '1946-03-01', NULL, NULL, NULL, '2025-10-28 18:56:38', '2025-10-28 18:56:38', NULL),
	(919, '431.2.64.02.03.002', 'MAJELIS TA\'LIM AL- MADANI', 'JL. GERBANG DAYAKU DESA BAKUNGAN RT. 15', 6, 49, '1946-03-01', 'belum_update', 'HJ. MARDIANI', '000000000000', '1946-03-01', '1946-03-01', NULL, NULL, NULL, '2025-10-28 18:56:38', '2025-10-28 18:56:38', NULL),
	(920, '431.2.64.02.03.003', 'YASIN TAHLIL NURUL HAQ', 'Jl.pembangunan Rt.01', 6, 54, '1946-03-01', 'belum_update', 'SUGINI', '000000000000', '1946-03-01', '1946-03-01', NULL, NULL, NULL, '2025-10-28 18:56:38', '2025-10-28 18:56:38', NULL),
	(921, '431.2.64.02.03.004', 'MARATUS SHALIHAH', 'Jl.Soekarno hatta km 30 Rt. 32', 6, 50, '1946-03-01', 'belum_update', 'Hj. Naisuri', '000000000000', '1946-03-01', '1946-03-01', NULL, NULL, NULL, '2025-10-28 18:56:38', '2025-10-28 18:56:38', NULL),
	(922, '431.2.64.02.03.005', 'AL-FIRDAUS', 'Jl.Soekarno hatta km 30 Rt. 32 ', 6, 50, '1946-03-01', 'belum_update', 'Idang', '000000000000', '1946-03-01', '1946-03-01', NULL, NULL, NULL, '2025-10-28 18:56:38', '2025-10-28 18:56:38', NULL),
	(923, '431.2.64.02.03.006', 'Al-Makmur', 'Jl.Soekarno hatta km 27 Rt. 19 ', 6, 50, '1946-03-01', 'belum_update', 'Agustia', '000000000000', '1946-03-01', '1946-03-01', NULL, NULL, NULL, '2025-10-28 18:56:38', '2025-10-28 18:56:38', NULL),
	(924, '431.2.64.02.03.007', 'Al-Miftahuddin', 'Jl.Soekarno hatta km 19 Rt. 05 ', 6, 50, '1946-03-01', 'belum_update', 'Hj. Sumiati', '000000000000', '1946-03-01', '1946-03-01', NULL, NULL, NULL, '2025-10-28 18:56:38', '2025-10-28 18:56:38', NULL),
	(925, '431.2.64.02.03.008', 'Al-Ahar', 'Jl.Soekarno hatta km 29 Rt. 29 ', 6, 50, '1946-03-01', 'belum_update', 'Hj. Marham', '000000000000', '1946-03-01', '1946-03-01', NULL, NULL, NULL, '2025-10-28 18:56:38', '2025-10-28 18:56:38', NULL),
	(926, '431.2.64.02.03.009', 'Al- Muqorrabin', 'Jl.Soekarno hatta km 17 Rt. 03 ', 6, 50, '1946-03-01', 'belum_update', 'Hj.St. Syamsiah', '000000000000', '1946-03-01', '1946-03-01', NULL, NULL, NULL, '2025-10-28 18:56:38', '2025-10-28 18:56:38', NULL),
	(927, '431.2.64.02.03.010', 'Al- Qautsar', 'Jl.Soekarno hatta km 27 Rt. 19 ', 6, 50, '1946-03-01', 'belum_update', 'zainuddin', '000000000000', '1946-03-01', '1946-03-01', NULL, NULL, NULL, '2025-10-28 18:56:38', '2025-10-28 18:56:38', NULL),
	(928, '431.2.64.02.03.011', 'AL KISWAH', 'Jl.Soekarno hatta km.6', 6, 54, '1946-03-01', 'belum_update', 'RATNA DEWI', '000000000000', '1946-03-01', '1946-03-01', NULL, NULL, NULL, '2025-10-28 18:56:38', '2025-10-28 18:56:38', NULL),
	(929, '431.2.64.02.03.012', 'AL AMIN', 'Jl. Soekarno Hatta KM. 02 RT. 31 No. 54', 6, 53, '1999-04-08', 'aktif', 'Drs. H. Hairuman, MM', '08125305061', '2024-05-06', '2029-05-06', NULL, NULL, NULL, '2025-10-28 18:56:38', '2025-10-28 18:56:38', NULL),
	(930, '431.2.64.02.03.013', 'HAMIDUL UMMAH', 'Jl. Gerbang Dayaku RT. 09/02', 6, 52, '2025-04-16', 'aktif', 'Nur Aini', '085247964222', '2025-07-29', '2030-07-29', NULL, NULL, NULL, '2025-10-28 18:56:38', '2025-10-28 18:56:38', NULL),
	(931, '431.2.64.02.03.014', 'AL-MUHAJIRIN', 'Jl. Pembangunan No. 30, RT. 006', 6, 54, '2013-08-01', 'aktif', 'Rusmini', '083140832290', '2025-08-29', '2030-08-29', NULL, NULL, NULL, '2025-10-28 18:56:38', '2025-10-28 18:56:38', NULL),
	(932, '431.2.64.02.03.015', 'AL MUTMAINAH', 'Jl. Pembangunan Gg. Swadaya, RT. 003', 6, 54, '1989-01-10', 'aktif', 'Hj. Dadi', '085250172272', '2025-08-29', '2030-08-29', NULL, NULL, NULL, '2025-10-28 18:56:38', '2025-10-28 18:56:38', NULL),
	(933, '431.2.64.02.04.001', 'YASINAN BAITURRAHMAN', 'Jln. A.P Mangkunegara Rt.06', 20, 236, '2003-01-10', 'belum_update', 'Siti Hotijah', '000000000000', '2019-05-06', '2025-05-06', NULL, NULL, NULL, '2025-10-30 18:08:33', '2025-10-30 18:08:33', NULL),
	(934, '431.2.64.02.04.002', 'DAARUL BAROKAH', 'DUSUN SIDO JOYO RT. 009', 20, 234, '2022-10-19', 'aktif', 'MOH TAMAMI', '081346353660', '2024-05-06', '2029-05-06', NULL, NULL, NULL, '2025-10-30 18:08:33', '2025-10-30 18:08:33', NULL),
	(935, '431.2.64.02.04.003', 'PERKUMPULAN SHOLAWAT " Nurul Huda"', 'Jl. Dahlia RT. 10 Blok F', 20, 222, '2012-12-20', 'aktif', 'Moch. Soberun', '082351384341', '2024-04-28', '2029-04-28', NULL, NULL, NULL, '2025-10-30 18:08:33', '2025-10-30 18:08:33', NULL),
	(936, '431.2.64.02.04.004', 'MT. AS - SALAM', 'Jl. Lampiri RT. 19 Dusun Sidodadi', 20, 222, '2012-05-19', 'aktif', 'Muhammad Bahaudin', '081335020483', '2025-05-06', '2030-05-06', NULL, NULL, NULL, '2025-10-30 18:08:33', '2025-10-30 18:08:33', NULL),
	(937, '431.2.64.02.04.005', 'SABILUL MAROMY', 'Jl. Jaring Perkasa RT. 003', 20, 236, '2020-08-05', 'aktif', 'KH. Moh. Lukman Hakim S.H.I', '085387100343', '2025-07-23', '2030-05-23', NULL, NULL, NULL, '2025-10-30 18:08:33', '2025-10-30 18:08:33', NULL),
	(938, '431.2.64.02.04.006', 'JABAL NUR RAHMAH', 'AP. Mangkunegoro RT. 01', 20, 226, '2024-01-02', 'aktif', 'Nurul Mukarromah, S. Kom.I', '085346382812', '2025-05-06', '2030-05-06', NULL, NULL, NULL, '2025-10-30 18:08:33', '2025-10-30 18:08:33', NULL),
	(939, '431.2.64.02.04.007', 'AL-HUSNA', 'Desa Teluk Dalam RT. 04', 20, 236, '2021-02-20', 'aktif', 'Rusli', '082354973067', '2025-08-21', '2030-08-21', NULL, NULL, NULL, '2025-10-30 18:08:33', '2025-10-30 18:08:33', NULL),
	(940, '431.2.64.02.05.001', 'MT. SAFINATUNNAJAH', 'DESA SANGGULAN RT 10 ', 16, 173, '2013-01-01', 'belum_update', 'anonim', '000000000000', '1946-01-03', '1946-01-03', NULL, NULL, NULL, '2025-10-30 19:10:42', '2025-10-30 19:10:42', NULL),
	(941, '431.2.64.02.05.002', 'MT MIFTAHURRAHMAN', 'TANJUNG HARAPAN RT 003 ', 16, 163, '2015-01-01', 'belum_update', 'anonim', '000000000000', '1946-01-03', '1946-01-03', NULL, NULL, NULL, '2025-10-30 19:10:42', '2025-10-30 19:10:42', NULL),
	(942, '431.2.64.02.05.003', 'MT. AT TAUBAH', 'TANJUNG HARAPAN RT 003 ', 16, 163, '2016-01-01', 'belum_update', 'anonim', '000000000000', '1946-01-03', '1946-01-03', NULL, NULL, NULL, '2025-10-30 19:10:42', '2025-10-30 19:10:42', NULL),
	(943, '431.2.64.02.05.004', 'MT. BAITUL JANNAH', 'TANJUNG HARAPAN RT 003 ', 16, 163, '2015-01-01', 'belum_update', 'anonim', '000000000000', '1946-01-03', '1946-01-03', NULL, NULL, NULL, '2025-10-30 19:10:42', '2025-10-30 19:10:42', NULL),
	(944, '431.2.64.02.05.005', 'MT. MAGFIRAH', 'TANJUNG HARAPAN RT 003 ', 16, 163, '1983-01-01', 'belum_update', 'anonim', '000000000000', '1946-01-03', '1946-01-03', NULL, NULL, NULL, '2025-10-30 19:10:42', '2025-10-30 19:10:42', NULL),
	(945, '431.2.64.02.05.006', 'MT. MIFTAHUL IHSAN', 'TANJUNG HARAPANRT 003 ', 16, 163, '1983-01-01', 'belum_update', 'anonim', '000000000000', '1946-01-03', '1946-01-03', NULL, NULL, NULL, '2025-10-30 19:10:42', '2025-10-30 19:10:42', NULL),
	(946, '431.2.64.02.05.007', 'MT. AS-SYAFA\'AH', 'TANJUNG HARAPAN RT 008 ', 16, 163, '1983-01-01', 'belum_update', 'anonim', '000000000000', '1946-01-03', '1946-01-03', NULL, NULL, NULL, '2025-10-30 19:10:42', '2025-10-30 19:10:42', NULL),
	(947, '431.2.64.02.05.008', 'MT NURUL BAROKAH', 'TANJUNG HARAPAN RT 003 ', 16, 163, '1983-01-01', 'belum_update', 'anonim', '000000000000', '1946-01-03', '1946-01-03', NULL, NULL, NULL, '2025-10-30 19:10:42', '2025-10-30 19:10:42', NULL),
	(948, '431.2.64.02.05.009', 'MT.AT TAQWA', 'DESA BELORO ', 16, 164, '1983-01-01', 'belum_update', 'anonim', '000000000000', '1946-01-03', '1946-01-03', NULL, NULL, NULL, '2025-10-30 19:10:42', '2025-10-30 19:10:42', NULL),
	(949, '431.2.64.02.05.010', 'MT.MANUNGGAL DAYA', 'DESA MANUNGGAL DAYA RT 15 ', 16, 169, '1983-01-01', 'belum_update', 'anonim', '000000000000', '1946-01-03', '1946-01-03', NULL, NULL, NULL, '2025-10-30 19:10:42', '2025-10-30 19:10:42', NULL),
	(950, '431.2.64.02.05.011', 'AL - HIKMAH', 'DESA MEKAR JAYA ', 16, 175, '2008-01-01', 'belum_update', 'anonim', '000000000000', '1946-01-03', '1946-01-03', NULL, NULL, NULL, '2025-10-30 19:10:42', '2025-10-30 19:10:42', NULL),
	(951, '431.2.64.02.05.012', 'RANTING NU MEKAR JAYA', 'DESA MEKAR JAYA ', 16, 175, '2013-01-01', 'belum_update', 'anonim', '000000000000', '1946-01-03', '1946-01-03', NULL, NULL, NULL, '2025-10-30 19:10:42', '2025-10-30 19:10:42', NULL),
	(952, '431.2.64.02.05.013', 'AL - BAROKAH', 'DESA SUMBER SARI ', 16, 168, '2008-01-01', 'belum_update', 'anonim', '000000000000', '1946-01-03', '1946-01-03', NULL, NULL, NULL, '2025-10-30 19:10:42', '2025-10-30 19:10:42', NULL),
	(953, '431.2.64.02.05.014', 'NURUL JANNAH', 'DESA SUMBER SARI ', 16, 168, '2008-01-01', 'belum_update', 'anonim', '000000000000', '1946-01-03', '1946-01-03', NULL, NULL, NULL, '2025-10-30 19:10:42', '2025-10-30 19:10:42', NULL),
	(954, '431.2.64.02.05.015', 'SAL - SABILA', 'DESA SUMBER SARI ', 16, 168, '2008-01-01', 'belum_update', 'anonim', '000000000000', '1946-01-03', '1946-01-03', NULL, NULL, NULL, '2025-10-30 19:10:42', '2025-10-30 19:10:42', NULL),
	(955, '431.2.64.02.05.016', 'AL - KHOIRIYAH', 'DESA SUMBER SARI ', 16, 168, '2008-01-01', 'belum_update', 'anonim', '000000000000', '1946-01-03', '1946-01-03', NULL, NULL, NULL, '2025-10-30 19:10:42', '2025-10-30 19:10:42', NULL),
	(956, '431.2.64.02.05.017', 'RANTING NU SUMBER SARI', 'DESA SUMBER SARI ', 16, 168, '1995-01-01', 'belum_update', 'anonim', '000000000000', '1946-01-03', '1946-01-03', NULL, NULL, NULL, '2025-10-30 19:10:42', '2025-10-30 19:10:42', NULL),
	(957, '431.2.64.02.05.018', 'RANTING NU SUMBER SARI', 'DESA SUMBER SARI ', 16, 168, '1995-01-01', 'belum_update', 'anonim', '000000000000', '1946-01-03', '1946-01-03', NULL, NULL, NULL, '2025-10-30 19:10:42', '2025-10-30 19:10:42', NULL),
	(958, '431.2.64.02.05.019', 'RANTING NU SUMBER SARI', 'DESA SUMBER SARI ', 16, 168, '1995-01-01', 'belum_update', 'anonim', '000000000000', '1946-01-03', '1946-01-03', NULL, NULL, NULL, '2025-10-30 19:10:42', '2025-10-30 19:10:42', NULL),
	(959, '431.2.64.02.05.020', 'MWC NU SEBULU', 'DESA SUMBER SARI ', 16, 168, '1995-01-01', 'belum_update', 'anonim', '000000000000', '1946-01-03', '1946-01-03', NULL, NULL, NULL, '2025-10-30 19:10:42', '2025-10-30 19:10:42', NULL),
	(960, '431.2.64.02.05.021', 'AL ISTIQOMAH', 'DESA SUMBER SARI RT 05 ', 16, 168, '1983-01-01', 'belum_update', 'anonim', '000000000000', '1946-01-03', '1946-01-03', NULL, NULL, NULL, '2025-10-30 19:10:42', '2025-10-30 19:10:42', NULL),
	(961, '431.2.64.02.05.022', 'MT.MASJID AZ ZIKRO', 'JL.MODEREN RT 03  ', 16, 172, '2016-01-01', 'belum_update', 'anonim', '000000000000', '1946-01-03', '1946-01-03', NULL, NULL, NULL, '2025-10-30 19:10:42', '2025-10-30 19:10:42', NULL),
	(962, '431.2.64.02.05.023', 'AL - ISROQ', 'JLN. INDUSTRI RT 12  ', 16, 172, '2006-01-01', 'belum_update', 'anonim', '000000000000', '1946-01-03', '1946-01-03', NULL, NULL, NULL, '2025-10-30 19:10:42', '2025-10-30 19:10:42', NULL),
	(963, '431.2.64.02.05.024', 'MT.SITI KHODIJAH', 'RT.11  ', 16, 172, '1989-01-01', 'belum_update', 'anonim', '000000000000', '1946-01-03', '1946-01-03', NULL, NULL, NULL, '2025-10-30 19:10:42', '2025-10-30 19:10:42', NULL),
	(964, '431.2.64.02.05.025', 'MT. IHYA \'ULUMUDDIN', 'JLN.MODEREN RT 09  ', 16, 172, '2006-01-01', 'belum_update', 'anonim', '000000000000', '1946-01-03', '1946-01-03', NULL, NULL, NULL, '2025-10-30 19:10:42', '2025-10-30 19:10:42', NULL),
	(965, '431.2.64.02.05.026', 'MT.NUR HIDAYAH', 'JLN. ANTASARI RT 09  ', 16, 172, '2005-01-01', 'belum_update', 'anonim', '000000000000', '1946-01-03', '1946-01-03', NULL, NULL, NULL, '2025-10-30 19:10:42', '2025-10-30 19:10:42', NULL),
	(966, '431.2.64.02.05.027', 'MT. NURUL HAQ', 'JL.MERAK RT 06 ', 16, 170, '1998-01-01', 'belum_update', 'anonim', '000000000000', '1946-01-03', '1946-01-03', NULL, NULL, NULL, '2025-10-30 19:10:42', '2025-10-30 19:10:42', NULL),
	(967, '431.2.64.02.05.028', 'PENGAJIAN AL ISTIQOMAH', 'JLN.ABD RISO RT 14 ', 16, 172, '2011-01-01', 'belum_update', 'anonim', '000000000000', '1946-01-03', '1946-01-03', NULL, NULL, NULL, '2025-10-30 19:10:42', '2025-10-30 19:10:42', NULL),
	(968, '431.2.64.02.05.029', 'HABSI MUKAROMAH', 'JLN. ABD RISO RT 13 ', 16, 172, '2007-01-01', 'belum_update', 'anonim', '000000000000', '1946-01-03', '1946-01-03', NULL, NULL, NULL, '2025-10-30 19:10:42', '2025-10-30 19:10:42', NULL),
	(969, '431.2.64.02.05.030', 'MT.AL MUTTAQIN', 'JL.ABD RISO RT 14 ', 16, 172, '2005-01-01', 'belum_update', 'anonim', '000000000000', '1946-01-03', '1946-01-03', NULL, NULL, NULL, '2025-10-30 19:10:42', '2025-10-30 19:10:42', NULL),
	(970, '431.2.64.02.05.031', 'SHOLAWAT/YASINAN AS SYIFA', 'JL.ABDUL SAMAD RT 05 ', 16, 165, '1994-01-01', 'belum_update', 'anonim', '000000000000', '1946-01-03', '1946-01-03', NULL, NULL, NULL, '2025-10-30 19:10:42', '2025-10-30 19:10:42', NULL),
	(971, '431.2.64.02.05.032', 'SOLAWAT AL FAJAR', 'JL. MERANTI RT 11 SEBULU ULU', 16, 165, '2000-01-01', 'belum_update', 'anonim', '000000000000', '1946-01-03', '1946-01-03', NULL, NULL, NULL, '2025-10-30 19:10:42', '2025-10-30 19:10:42', NULL),
	(972, '431.2.64.02.05.033', 'PENGAJIAN REMAJA AL HIDAYAH', 'JLN.INDAH RT 10 DESA ', 16, 166, '2005-01-01', 'belum_update', 'anonim', '000000000000', '1946-01-03', '1946-01-03', NULL, NULL, NULL, '2025-10-30 19:10:42', '2025-10-30 19:10:42', NULL),
	(973, '431.2.64.02.05.034', 'AL HIDAYAH', 'JLN. MANUNGGAL RT 3 ', 16, 166, '2006-01-01', 'belum_update', 'anonim', '000000000000', '1946-01-03', '1946-01-03', NULL, NULL, NULL, '2025-10-30 19:10:42', '2025-10-30 19:10:42', NULL),
	(974, '431.2.64.02.05.035', 'AL - HAKIM', 'JLN. KH.DEWANTARA RT 007 ', 16, 166, '1970-01-01', 'belum_update', 'anonim', '000000000000', '1946-01-03', '1946-01-03', NULL, NULL, NULL, '2025-10-30 19:10:42', '2025-10-30 19:10:42', NULL),
	(975, '431.2.64.02.05.036', 'BAITUSSNNAH', 'JLN.CAPAH RT 013 ', 16, 166, '1996-01-01', 'belum_update', 'anonim', '000000000000', '1946-01-03', '1946-01-03', NULL, NULL, NULL, '2025-10-30 19:10:42', '2025-10-30 19:10:42', NULL),
	(976, '431.2.64.02.05.037', 'MIFTAHUL ULUM', 'JN.ABDULLAH RT.14  ', 16, 166, '2011-01-01', 'belum_update', 'anonim', '000000000000', '1946-01-03', '1946-01-03', NULL, NULL, NULL, '2025-10-30 19:10:42', '2025-10-30 19:10:42', NULL),
	(977, '431.2.64.02.05.038', 'DARUL HIJRAH', 'Jl. A. Yani No. 43 RT. 06', 16, 166, '2021-11-30', 'aktif', 'Budi', '085250009699', '2024-05-06', '2029-05-06', NULL, NULL, NULL, '2025-10-30 19:10:42', '2025-10-30 19:10:42', NULL),
	(978, '431.2.64.02.06.001', 'AL MUTTAQIEN', 'Jln. Soekarno Hatta KM 40.', 17, 185, '2016-07-15', 'belum_update', 'H. Khalid', '000000000000', '1946-01-03', '1946-01-03', NULL, NULL, NULL, '2025-10-30 19:32:01', '2025-10-30 19:32:01', NULL),
	(979, '431.2.64.02.06.002', 'MAJELIS DZIKIR DAN DA\'WAH TARBIYATUL QULUB', 'Jl. Balikpapan -Handil II RT. 004', 17, 182, '1946-01-03', 'belum_update', 'Abd. Samad, S. Ag', '000000000000', '1946-01-03', '1946-01-03', NULL, NULL, NULL, '2025-10-30 19:32:01', '2025-10-30 19:32:01', NULL),
	(980, '431.2.64.02.06.003', 'DARUSSALAM', 'Jl. Soekarno Hatta KM.29 RT. 7', 17, 181, '1946-01-03', 'belum_update', 'Abdul Fattah', '000000000000', '1946-01-03', '1946-01-03', NULL, NULL, NULL, '2025-10-30 19:32:01', '2025-10-30 19:32:01', NULL),
	(981, '431.2.64.02.06.004', 'DARUL FAIZIN', 'Jl. Soekarno Hatta KM.29 RT. 6', 17, 181, '1946-01-03', 'belum_update', 'Rumiati', '000000000000', '1946-01-03', '1946-01-03', NULL, NULL, NULL, '2025-10-30 19:32:02', '2025-10-30 19:32:02', NULL),
	(982, '431.2.64.02.06.005', 'DARUNNAFI', 'Jl. Soekarno Hatta KM.35 RT. 14', 17, 181, '1946-01-03', 'belum_update', 'Abu Maimun', '000000000000', '1946-01-03', '1946-01-03', NULL, NULL, NULL, '2025-10-30 19:32:02', '2025-10-30 19:32:02', NULL),
	(983, '431.2.64.02.06.006', 'AL KHAIR', 'Jl.bukit baruga km.45 rt.05 .', 17, 181, '1946-01-03', 'belum_update', 'MASYITAH', '000000000000', '1946-01-03', '1946-01-03', NULL, NULL, NULL, '2025-10-30 19:32:02', '2025-10-30 19:32:02', NULL),
	(984, '431.2.64.02.06.007', 'AL HIJRAH', 'Jl.soekarno hatta km.51 rt.20 .', 17, 181, '1946-01-03', 'belum_update', 'MARYAM', '000000000000', '1946-01-03', '1946-01-03', NULL, NULL, NULL, '2025-10-30 19:32:02', '2025-10-30 19:32:02', NULL),
	(985, '431.2.64.02.06.008', 'NURUL FALAH', 'Jln. Soekarno Hatta Km.34 Rt ,13  ', 17, 181, '1946-01-03', 'belum_update', 'NURMAYANI', '000000000000', '1946-01-03', '1946-01-03', NULL, NULL, NULL, '2025-10-30 19:32:02', '2025-10-30 19:32:02', NULL),
	(986, '431.2.64.02.06.009', 'JABAL NUR', 'Jl.hidup baru km.45 Rt.006 .', 17, 181, '1946-01-03', 'belum_update', 'HJ.HASIRA', '000000000000', '1946-01-03', '1946-01-03', NULL, NULL, NULL, '2025-10-30 19:32:02', '2025-10-30 19:32:02', NULL),
	(987, '431.2.64.02.06.010', 'AL ISTIQOMAH', 'Jln. Soekarno Hatta Km.45 Rt,10  ', 17, 181, '1946-01-03', 'belum_update', 'AJIB,S.PD.I', '000000000000', '1946-01-03', '1946-01-03', NULL, NULL, NULL, '2025-10-30 19:32:02', '2025-10-30 19:32:02', NULL),
	(988, '431.2.64.02.06.011', 'AL MADINAH', 'Jln. Soekarno Hatta Km.48 Rt.13  ', 17, 181, '1946-01-03', 'belum_update', 'SITI MUAWENAH', '000000000000', '1946-01-03', '1946-01-03', NULL, NULL, NULL, '2025-10-30 19:32:02', '2025-10-30 19:32:02', NULL),
	(989, '431.2.64.02.06.012', 'SITTI AMINAH', 'Jl. Soekarno hatta Km 30 Rt 20 . ', 17, 181, '1946-01-03', 'belum_update', 'Nurul Fadhlina', '000000000000', '1946-01-03', '1946-01-03', NULL, NULL, NULL, '2025-10-30 19:32:02', '2025-10-30 19:32:02', NULL),
	(990, '431.2.64.02.06.013', 'AL MUSYAFIRIN', 'Jln. Soekarno Hatta Km.45 RT,19  ', 17, 181, '1946-01-03', 'belum_update', 'ERNAWATI', '000000000000', '1946-01-03', '1946-01-03', NULL, NULL, NULL, '2025-10-30 19:32:02', '2025-10-30 19:32:02', NULL),
	(991, '431.2.64.02.06.014', 'AL MUHAJIRIN', 'Jln. Soekarno Hatta Km.31 Rt,09  ', 17, 181, '1946-01-03', 'belum_update', 'RUQIAH', '000000000000', '1946-01-03', '1946-01-03', NULL, NULL, NULL, '2025-10-30 19:32:02', '2025-10-30 19:32:02', NULL),
	(992, '431.2.64.02.06.015', 'NURUL JANNAH', 'Jln. Soekarno Hatta Km.29 Rt.6 . ', 17, 181, '1946-01-03', 'belum_update', 'NIKMAH', '000000000000', '1946-01-03', '1946-01-03', NULL, NULL, NULL, '2025-10-30 19:32:02', '2025-10-30 19:32:02', NULL),
	(993, '431.2.64.02.06.016', 'SHOLAWAT AL BARZANZI', 'Jl.Soekarno hatta km.45 rt.05 .', 17, 180, '1946-01-03', 'belum_update', 'BAHARUDIN', '000000000000', '1946-01-03', '1946-01-03', NULL, NULL, NULL, '2025-10-30 19:32:02', '2025-10-30 19:32:02', NULL),
	(994, '431.2.64.02.06.018', 'HIZBUR ROSUL', 'Jl. KP. Jawa RT. V urahan', 14, 153, '2020-02-02', 'aktif', 'KH. ROSID, S.Pd.I', '081252424182', '2024-05-06', '2029-05-06', NULL, NULL, NULL, '2025-10-30 19:32:02', '2025-10-30 19:32:02', NULL),
	(995, '431.2.64.02.06.019', 'MARDHATILLAH', 'Jl. Handil III Halima RT. 004', 17, 184, '2019-01-12', 'aktif', 'KH. M. JUHRI', '082250371049', '2024-05-06', '2029-05-06', NULL, NULL, NULL, '2025-10-30 19:32:02', '2025-10-30 19:32:02', NULL),
	(996, '431.2.64.02.06.020', 'MAJMA\'AL BAHRAAIN', 'JL. Balikpapan-handil II RT. 12', 17, 177, '2023-09-03', 'aktif', 'Partiatul Laili', '085349196806', '2024-05-06', '2029-05-06', NULL, NULL, NULL, '2025-10-30 19:32:02', '2025-10-30 19:32:02', NULL),
	(997, '431.2.64.02.06.021', 'SAYYIDATINA KHODIJAHTUL KUBRA', 'Jl. Merdeka RT. 1 urahan', 17, 185, '2021-04-01', 'aktif', 'Muhammad Syarifuddin', '085245398231', '2025-06-06', '2030-05-06', NULL, NULL, NULL, '2025-10-30 19:32:02', '2025-10-30 19:32:02', NULL),
	(998, '431.2.64.02.07.001', 'MT. AS -SU\'ADA', 'HANDIL 9', 10, 99, '2014-01-01', 'belum_update', 'anonim', '000000000000', '1946-01-03', '1946-01-03', NULL, NULL, NULL, '2025-10-30 21:45:28', '2025-10-30 21:45:28', NULL),
	(999, '431.2.64.02.07.002', 'MT BURDAH DAN TAHLIL', 'HANDIL 8', 10, 99, '2009-01-01', 'belum_update', 'anonim', '000000000000', '1946-01-03', '1946-01-03', NULL, NULL, NULL, '2025-10-30 21:45:29', '2025-10-30 21:45:29', NULL),
	(1000, '431.2.64.02.07.003', 'MT AL HIKMAH', 'HANDIL 8', 10, 99, '2003-01-01', 'belum_update', 'anonim', '000000000000', '1946-01-03', '1946-01-03', NULL, NULL, NULL, '2025-10-30 21:45:29', '2025-10-30 21:45:29', NULL),
	(1001, '431.2.64.02.07.004', 'MT SHOLAWAT AS\'SAADAH', 'HANDIL 8', 10, 99, '1980-01-01', 'belum_update', 'anonim', '000000000000', '1946-01-03', '1946-01-03', NULL, NULL, NULL, '2025-10-30 21:45:29', '2025-10-30 21:45:29', NULL),
	(1002, '431.2.64.02.07.005', 'KHAIRUL UMMAHAT', 'JL. A. YANI RT 012', 10, 96, '2010-01-01', 'belum_update', 'anonim', '000000000000', '1946-01-03', '1946-01-03', NULL, NULL, NULL, '2025-10-30 21:45:29', '2025-10-30 21:45:29', NULL),
	(1003, '431.2.64.02.07.006', 'AL - HIKMAH', 'JLN A. YANI', 10, 96, '2013-01-01', 'belum_update', 'anonim', '000000000000', '1946-01-03', '1946-01-03', NULL, NULL, NULL, '2025-10-30 21:45:29', '2025-10-30 21:45:29', NULL),
	(1004, '431.2.64.02.07.007', 'AL - ISTIQOMAH', 'JL. TAHIR', 10, 97, '2012-01-01', 'belum_update', 'anonim', '000000000000', '1946-01-03', '1946-01-03', NULL, NULL, NULL, '2025-10-30 21:45:29', '2025-10-30 21:45:29', NULL),
	(1005, '431.2.64.02.07.008', 'SHALAWAT AL ABRAR', 'JLN. M. HATTA HANDIL III', 10, 97, '1978-01-01', 'belum_update', 'anonim', '000000000000', '1946-01-03', '1946-01-03', NULL, NULL, NULL, '2025-10-30 21:45:29', '2025-10-30 21:45:29', NULL),
	(1006, '431.2.64.02.07.009', 'DAARUT TAUBAH BTN', 'PERUMAHAN BTN HANDIL III', 10, 97, '1999-01-01', 'belum_update', 'anonim', '000000000000', '1946-01-03', '1946-01-03', NULL, NULL, NULL, '2025-10-30 21:45:29', '2025-10-30 21:45:29', NULL),
	(1007, '431.2.64.02.07.010', 'IBNU AHMAD', 'JL. M. HATTA HANDIL IV', 10, 97, '2005-01-01', 'belum_update', 'anonim', '000000000000', '1946-01-03', '1946-01-03', NULL, NULL, NULL, '2025-10-30 21:45:29', '2025-10-30 21:45:29', NULL),
	(1008, '431.2.64.02.07.011', 'MT. ALFALAH', 'JLN. KARYA RT. 002', 10, 103, '2013-01-01', 'belum_update', 'anonim', '000000000000', '1946-01-03', '1946-01-03', NULL, NULL, NULL, '2025-10-30 21:45:29', '2025-10-30 21:45:29', NULL),
	(1009, '431.2.64.02.07.012', 'MT. AL MUHAJIRIN', 'JL. HANDIL GAMUK', 10, 102, '2013-01-01', 'belum_update', 'anonim', '000000000000', '1946-01-03', '1946-01-03', NULL, NULL, NULL, '2025-10-30 21:45:29', '2025-10-30 21:45:29', NULL),
	(1010, '431.2.64.02.07.013', 'MT. NUR SA\'ADAH', 'JL. HANDIL SETIA', 10, 102, '2004-01-01', 'belum_update', 'anonim', '000000000000', '1946-01-03', '1946-01-03', NULL, NULL, NULL, '2025-10-30 21:45:29', '2025-10-30 21:45:29', NULL),
	(1011, '431.2.64.02.07.014', 'MT. P3MJ AN - NISA', 'JL. A. YANI MASJID BESAR DARUSSALAM', 10, 96, '2009-01-01', 'belum_update', 'anonim', '000000000000', '1946-01-03', '1946-01-03', NULL, NULL, NULL, '2025-10-30 21:45:29', '2025-10-30 21:45:29', NULL),
	(1012, '431.2.64.02.07.015', 'MT. AL ABRAR', 'JL. M. HATTA', 10, 96, '2011-01-01', 'belum_update', 'anonim', '000000000000', '1946-01-03', '1946-01-03', NULL, NULL, NULL, '2025-10-30 21:45:29', '2025-10-30 21:45:29', NULL),
	(1013, '431.2.64.02.07.016', 'MT. MUSLIMAT', 'JL. IR. SOEKARNO', 10, 96, '2007-01-01', 'belum_update', 'anonim', '000000000000', '1946-01-03', '1946-01-03', NULL, NULL, NULL, '2025-10-30 21:45:29', '2025-10-30 21:45:29', NULL),
	(1014, '431.2.64.02.07.017', 'MT. DZIKIR KHAIRUNNISA', 'JLN. IR. SOEKARNO', 10, 96, '2006-01-01', 'belum_update', 'anonim', '000000000000', '1946-01-03', '1946-01-03', NULL, NULL, NULL, '2025-10-30 21:45:29', '2025-10-30 21:45:29', NULL),
	(1015, '431.2.64.02.07.018', 'MT. ANNISA', 'JLN IR. SOEKARNO', 10, 96, '2003-01-01', 'belum_update', 'anonim', '000000000000', '1946-01-03', '1946-01-03', NULL, NULL, NULL, '2025-10-30 21:45:29', '2025-10-30 21:45:29', NULL),
	(1016, '431.2.64.02.07.019', 'MT. ANNISA', 'JLN IR. SOEKARNO', 10, 96, '2003-01-01', 'belum_update', 'anonim', '000000000000', '1946-01-03', '1946-01-03', NULL, NULL, NULL, '2025-10-30 21:45:29', '2025-10-30 21:45:29', NULL),
	(1017, '431.2.64.02.07.020', 'AT TAQWA', 'Jl. Mahakam  RT.06', 10, 102, '2017-02-09', 'belum_update', 'Sumardi', '000000000000', '2020-04-21', '2025-04-21', NULL, NULL, NULL, '2025-10-30 21:45:29', '2025-10-30 21:45:29', NULL),
	(1018, '431.2.64.02.07.021', 'AL- ILMI', 'JL. A. YANI RT.027 HANDIL 2', 10, 96, '1946-01-03', 'aktif', 'TIJAH HS', '000000000000', '2023-03-10', '2028-03-10', NULL, NULL, NULL, '2025-10-30 21:45:29', '2025-10-30 21:45:29', NULL),
	(1019, '431.2.64.02.07.022', 'MT. Raudhatul Anwar', 'Jl. Ir.Soekarno Gang H. Ardian 4 RT. 16', 10, 96, '2021-03-03', 'aktif', 'Muhammad Yusuf', '081253947678', '2023-03-10', '2028-03-10', NULL, NULL, NULL, '2025-10-30 21:45:29', '2025-10-30 21:45:29', NULL),
	(1020, '431.2.64.02.09.001', 'KELOMPOK YASINAN AL- MADANI', 'JL. PADAT KARYA RT.08 Dusun II', 1, 1, '2019-01-01', 'belum_update', 'ALFVI WAHYUNI', '000000000000', '1946-01-03', '1946-01-03', NULL, NULL, NULL, '2025-10-30 21:58:26', '2025-10-30 21:58:26', NULL),
	(1021, '431.2.64.02.09.002', 'YASINAN NUR HIDAYAH', 'Desa Sidomulyo RT. 12', 1, 6, '2019-01-01', 'belum_update', 'anonim', '000000000000', '1946-01-03', '1946-01-03', NULL, NULL, NULL, '2025-10-30 21:58:26', '2025-10-30 21:58:26', NULL),
	(1022, '431.2.64.02.09.003', 'PERMATA AL HIKMAH', 'JL. Pembangunan RT. XI', 1, 1, '1946-01-03', 'belum_update', 'PUJI HARYANTO', '000000000000', '2020-04-21', '2025-04-21', NULL, NULL, NULL, '2025-10-30 21:58:26', '2025-10-30 21:58:26', NULL),
	(1023, '431.2.64.02.09.004', 'AL-WAHIDAH', 'Jl. Putra Mahkota RT. 01', 1, 3, '2015-01-01', 'belum_update', 'Hj. Sunarsih M. pd', '000000000000', '2020-04-21', '2025-04-21', NULL, NULL, NULL, '2025-10-30 21:58:26', '2025-10-30 21:58:26', NULL),
	(1024, '431.2.64.02.09.005', 'NURUL ISLAM', 'RT. 19', 1, 4, '2017-02-06', 'belum_update', 'Tamrin', '000000000000', '1946-01-03', '1946-01-03', NULL, NULL, NULL, '2025-10-30 21:58:26', '2025-10-30 21:58:26', NULL),
	(1025, '431.2.64.02.09.006', 'JUMAT BERKAH', 'RT. 07', 1, 4, '2017-10-30', 'belum_update', 'Muh. Yunus', '000000000000', '1946-01-03', '1946-01-03', NULL, NULL, NULL, '2025-10-30 21:58:26', '2025-10-30 21:58:26', NULL),
	(1026, '431.2.64.02.09.007', 'AN - NISA', 'RT. 08', 1, 4, '2017-05-13', 'belum_update', 'Hj. Migu', '000000000000', '1946-01-03', '1946-01-03', NULL, NULL, NULL, '2025-10-30 21:58:26', '2025-10-30 21:58:26', NULL),
	(1027, '431.2.64.02.09.008', 'SHOLAWAT NURUL FADHILAH', 'Desa Kutai Lama', 1, 3, '2019-01-16', 'belum_update', 'Gajali Rahman', '000000000000', '1946-01-03', '1946-01-03', NULL, NULL, NULL, '2025-10-30 21:58:26', '2025-10-30 21:58:26', NULL),
	(1028, '431.2.64.02.09.009', 'NURUL MUSTOFA', 'Jln. Samarinda No. 194', 1, 7, '2020-06-25', 'belum_update', 'Yunianto, S.Pd', '000000000000', '1946-01-03', '1946-01-03', NULL, NULL, NULL, '2025-10-30 21:58:26', '2025-10-30 21:58:26', NULL),
	(1029, '431.2.64.02.09.010', 'RAHMATULLAH', 'Jl. Bhayangkara', 1, 7, '2006-01-01', 'belum_update', 'Taufik Rahman', '000000000000', '1946-01-03', '1946-01-03', NULL, NULL, NULL, '2025-10-30 21:58:26', '2025-10-30 21:58:26', NULL),
	(1030, '431.2.64.02.09.011', 'FAYDHUL AMIN', 'Jl. Sarimas Rt 25 Gg. Darul Amin', 1, 7, '2023-08-23', 'belum_update', 'Ardiansyah', '000000000000', '1946-01-03', '1946-01-03', NULL, NULL, NULL, '2025-10-30 21:58:26', '2025-10-30 21:58:26', NULL),
	(1031, '431.2.64.02.09.012', 'AL HUDA', 'Jl.mulawarman Rt.01', 1, 7, '1946-01-03', 'belum_update', 'SITI TUNISAH', '000000000000', '1946-01-03', '1946-01-03', NULL, NULL, NULL, '2025-10-30 21:58:26', '2025-10-30 21:58:26', NULL),
	(1032, '431.2.64.02.09.013', 'MIFTAHUL JANNAH AL MUHAJIRIN', 'Jl.Diponegoro Rt.02', 1, 6, '1946-01-03', 'belum_update', 'SRI HARWATI', '000000000000', '1946-01-03', '1946-01-03', NULL, NULL, NULL, '2025-10-30 21:58:26', '2025-10-30 21:58:26', NULL),
	(1033, '431.2.64.02.09.014', 'MARATUS SHALIHAH', 'JL DR.SUTOMO RT 01', 1, 6, '1946-01-03', 'belum_update', 'MAQOM MAHMUDAH', '000000000000', '1946-01-03', '1946-01-03', NULL, NULL, NULL, '2025-10-30 21:58:26', '2025-10-30 21:58:26', NULL),
	(1034, '431.2.64.02.09.015', 'NUR JANNAH', 'Jl.bhayangkara Rt.02', 1, 7, '1946-01-03', 'belum_update', 'LATIFAH', '000000000000', '1946-01-03', '1946-01-03', NULL, NULL, NULL, '2025-10-30 21:58:26', '2025-10-30 21:58:26', NULL),
	(1035, '431.2.64.02.09.016', 'An - NUR', 'Jl. Veteran RT. 03', 1, 1, '2009-06-03', 'belum_update', 'Sawiyah', '000000000000', '1946-01-03', '1946-01-03', NULL, NULL, NULL, '2025-10-30 21:58:26', '2025-10-30 21:58:26', NULL),
	(1036, '431.2.64.02.09.017', 'PERKUMPULAN SELAWATAN KHAIRUNNISA/ MAJELIS SHALAWAT KHAIRUNNISA', 'Jln. Pramuka RT. 4 RW.01', 1, 1, '1946-01-03', 'belum_update', 'Hj. Kasirah', '000000000000', '1946-01-03', '1946-01-03', NULL, NULL, NULL, '2025-10-30 21:58:26', '2025-10-30 21:58:26', NULL),
	(1037, '431.2.64.02.09.018', 'MAJELIS SHALAWAT AR RAHIM', 'Jln. Pramuka RT. 4', 1, 1, '1946-01-03', 'belum_update', 'Hj. Marlina', '000000000000', '1946-01-03', '1946-01-03', NULL, NULL, NULL, '2025-10-30 21:58:26', '2025-10-30 21:58:26', NULL),
	(1038, '431.2.64.02.09.019', 'AL-MAGHFIROH', 'JL. Padat Karya RT. 11', 1, 1, '2024-03-12', 'aktif', 'Kabul Ariyadi', '085246978886', '2025-05-06', '2030-05-06', NULL, NULL, NULL, '2025-10-30 21:58:26', '2025-10-30 21:58:26', NULL),
	(1039, '431.2.64.02.10.001', 'UMI SHALEHAH', 'JLN. M. HATTA HANDIL III', 9, 85, '2016-01-01', 'belum_update', 'anonim', '000000000000', '1946-01-03', '1946-01-03', NULL, NULL, NULL, '2025-10-30 22:44:58', '2025-10-30 22:44:58', NULL),
	(1040, '431.2.64.02.10.002', 'RAUDHATUTHALIBIN', 'PERUMAHAN BTN HANDIL II', 9, 85, '2008-01-01', 'belum_update', 'anonim', '000000000000', '1946-01-03', '1946-01-03', NULL, NULL, NULL, '2025-10-30 22:44:58', '2025-10-30 22:44:58', NULL),
	(1041, '431.2.64.02.10.003', 'AL - KHOIRAT', 'SALO PALAI RT 01,02', 9, 84, '2007-01-01', 'belum_update', 'anonim', '000000000000', '1946-01-03', '1946-01-03', NULL, NULL, NULL, '2025-10-30 22:44:58', '2025-10-30 22:44:58', NULL),
	(1042, '431.2.64.02.10.004', 'MT. FASTABIQUL KHOIRAT', 'BULU KESSI RT 12', 9, 91, '1997-01-01', 'belum_update', 'anonim', '000000000000', '1946-01-03', '1946-01-03', NULL, NULL, NULL, '2025-10-30 22:44:58', '2025-10-30 22:44:58', NULL),
	(1043, '431.2.64.02.10.005', 'MT. MUTA\'ALIM', 'BULU KESSI T 07', 9, 91, '2017-01-01', 'belum_update', 'anonim', '000000000000', '1946-01-03', '1946-01-03', NULL, NULL, NULL, '2025-10-30 22:44:58', '2025-10-30 22:44:58', NULL),
	(1044, '431.2.64.02.10.006', 'MT. AN NUR', 'JL. RAYA SALIKI RT 01,02,03', 9, 83, '1970-01-01', 'belum_update', 'anonim', '000000000000', '1946-01-03', '1946-01-03', NULL, NULL, NULL, '2025-10-30 22:44:58', '2025-10-30 22:44:58', NULL),
	(1045, '431.2.64.02.10.007', 'MT. NURUL HUDA', 'JL. ERNAT RT 04', 9, 83, '2014-01-01', 'belum_update', 'anonim', '000000000000', '1946-01-03', '1946-01-03', NULL, NULL, NULL, '2025-10-30 22:44:58', '2025-10-30 22:44:58', NULL),
	(1046, '431.2.64.02.10.008', 'MT. AN - NISA', 'BADAK TR 22', 9, 89, '2012-01-01', 'belum_update', 'anonim', '000000000000', '1946-01-03', '1946-01-03', NULL, NULL, NULL, '2025-10-30 22:44:58', '2025-10-30 22:44:58', NULL),
	(1047, '431.2.64.02.10.009', 'MT. JAMIATUL MUSLIMAH', 'BADAK 08 RT 19', 9, 89, '2012-01-01', 'belum_update', 'anonim', '000000000000', '1946-01-03', '1946-01-03', NULL, NULL, NULL, '2025-10-30 22:44:58', '2025-10-30 22:44:58', NULL),
	(1048, '431.2.64.02.10.010', 'MT. KAHIRUNNISA', 'GAS ALAM', 9, 87, '2010-01-01', 'belum_update', 'anonim', '000000000000', '1946-01-03', '1946-01-03', NULL, NULL, NULL, '2025-10-30 22:44:58', '2025-10-30 22:44:58', NULL),
	(1049, '431.2.64.02.10.011', 'MT. AT- ASHROF', 'JIN. RAHMAT MASJID AL KIFAH', 9, 87, '2015-01-01', 'belum_update', 'anonim', '000000000000', '1946-01-03', '1946-01-03', NULL, NULL, NULL, '2025-10-30 22:44:58', '2025-10-30 22:44:58', NULL),
	(1050, '431.2.64.02.10.012', 'MT. AT- TAQWA', 'CITRA', 9, 88, '1970-01-01', 'belum_update', 'anonim', '000000000000', '1946-01-03', '1946-01-03', NULL, NULL, NULL, '2025-10-30 22:44:58', '2025-10-30 22:44:58', NULL),
	(1051, '431.2.64.02.10.013', 'MT. AL JIHAT', 'JLN. MANUNGGAL', 9, 88, '1970-01-01', 'belum_update', 'anonim', '000000000000', '1946-01-03', '1946-01-03', NULL, NULL, NULL, '2025-10-30 22:44:58', '2025-10-30 22:44:58', NULL),
	(1052, '431.2.64.02.10.014', 'MT.AL MUHAJRIN', 'SAMBERA JEMBATAN', 9, 88, '1970-01-01', 'belum_update', 'anonim', '000000000000', '1946-01-03', '1946-01-03', NULL, NULL, NULL, '2025-10-30 22:44:58', '2025-10-30 22:44:58', NULL),
	(1053, '431.2.64.02.10.015', 'MT. JAMI', 'PANGEMPANG', 9, 88, '1999-01-01', 'belum_update', 'anonim', '000000000000', '1946-01-03', '1946-01-03', NULL, NULL, NULL, '2025-10-30 22:44:58', '2025-10-30 22:44:58', NULL),
	(1054, '431.2.64.02.10.016', 'MT. JABAL NUR', 'KP. MANADO, GANG.ARWANA. SIDODADI', 9, 89, '1970-01-01', 'belum_update', 'anonim', '000000000000', '1946-01-03', '1946-01-03', NULL, NULL, NULL, '2025-10-30 22:44:58', '2025-10-30 22:44:58', NULL),
	(1055, '431.2.64.02.10.017', 'MT. NURUL IMAN', 'JLN. M.TAHIR RT 01', 9, 88, '1970-01-01', 'belum_update', 'anonim', '000000000000', '1946-01-03', '1946-01-03', NULL, NULL, NULL, '2025-10-30 22:44:58', '2025-10-30 22:44:58', NULL),
	(1056, '431.2.64.02.10.018', 'MT. BABUSSALAM', 'JLN. S. HASANUDDIN RT 07', 9, 89, '2010-01-01', 'belum_update', 'anonim', '000000000000', '1946-01-03', '1946-01-03', NULL, NULL, NULL, '2025-10-30 22:44:58', '2025-10-30 22:44:58', NULL),
	(1057, '431.2.64.02.10.019', 'MT. BAITUL JALAL', 'JL. S. HASANUDDIN RT 15,16,17', 9, 89, '2008-01-01', 'belum_update', 'anonim', '000000000000', '1946-01-03', '1946-01-03', NULL, NULL, NULL, '2025-10-30 22:44:58', '2025-10-30 22:44:58', NULL),
	(1058, '431.2.64.02.10.020', 'MT. AR.RAHMAN', 'JLN. S. HASANUDDIN, RT 20', 9, 89, '2008-01-01', 'belum_update', 'anonim', '000000000000', '1946-01-03', '1946-01-03', NULL, NULL, NULL, '2025-10-30 22:44:58', '2025-10-30 22:44:58', NULL),
	(1059, '431.2.64.02.10.021', 'MT MUSLIMAT NU', 'JL. S. HASANUDDIN RT 05', 9, 89, '2016-01-01', 'belum_update', 'anonim', '000000000000', '1946-01-03', '1946-01-03', NULL, NULL, NULL, '2025-10-30 22:44:58', '2025-10-30 22:44:58', NULL),
	(1060, '431.2.64.02.10.022', 'MT. AS - SIDDIQ', 'JLN. S. HASANUDIN RT 05', 9, 89, '2003-01-01', 'belum_update', 'anonim', '000000000000', '1946-01-03', '1946-01-03', NULL, NULL, NULL, '2025-10-30 22:44:58', '2025-10-30 22:44:58', NULL),
	(1061, '431.2.64.02.10.023', 'MT. NURUL FATHOHAH', 'JL. S . HASANUDDIN RT 18', 9, 89, '2006-01-01', 'belum_update', 'anonim', '000000000000', '1946-01-03', '1946-01-03', NULL, NULL, NULL, '2025-10-30 22:44:58', '2025-10-30 22:44:58', NULL),
	(1062, '431.2.64.02.10.024', 'MT. AL HIJRAH', 'JL. S. HASANUDDIN RT 13', 9, 89, '2015-01-01', 'belum_update', 'anonim', '000000000000', '1946-01-03', '1946-01-03', NULL, NULL, NULL, '2025-10-30 22:44:58', '2025-10-30 22:44:58', NULL),
	(1063, '431.2.64.02.10.025', 'MT. AL HIJRAH', 'JL. S. HASANUDDIN RT 13', 9, 89, '2015-01-01', 'belum_update', 'anonim', '000000000000', '1946-01-03', '1946-01-03', NULL, NULL, NULL, '2025-10-30 22:44:58', '2025-10-30 22:44:58', NULL),
	(1064, '431.2.64.02.10.026', 'MT.AT TAQWA', 'JL. S. HASANUDDIN RT 08.09', 9, 89, '2002-01-01', 'belum_update', 'anonim', '000000000000', '1946-01-03', '1946-01-03', NULL, NULL, NULL, '2025-10-30 22:44:58', '2025-10-30 22:44:58', NULL),
	(1065, '431.2.64.02.10.027', 'MT.AL.HIDAYAH', 'KAMPUNG TMUR RT 27 NO 33', 9, 88, '2003-01-01', 'belum_update', 'anonim', '000000000000', '1946-01-03', '1946-01-03', NULL, NULL, NULL, '2025-10-30 22:44:58', '2025-10-30 22:44:58', NULL),
	(1066, '431.2.64.02.10.028', 'MT.KHAIRUNNISA', 'JL.S.HASANUDIN RT 08,09', 9, 89, '1986-01-01', 'belum_update', 'anonim', '000000000000', '1946-01-03', '1946-01-03', NULL, NULL, NULL, '2025-10-30 22:44:58', '2025-10-30 22:44:58', NULL),
	(1067, '431.2.64.02.10.029', 'MT. AISYIYAH', 'JL PERIMTIS , RT 21', 9, 89, '2007-01-01', 'belum_update', 'anonim', '000000000000', '1946-01-03', '1946-01-03', NULL, NULL, NULL, '2025-10-30 22:44:58', '2025-10-30 22:44:58', NULL),
	(1068, '431.2.64.02.10.030', 'MT.ASMA\'UL HUSNA', 'JL.S.HASANUDIN RT 03 GANG INAYAH', 9, 89, '2012-01-01', 'belum_update', 'anonim', '000000000000', '1946-01-03', '1946-01-03', NULL, NULL, NULL, '2025-10-30 22:44:58', '2025-10-30 22:44:58', NULL),
	(1069, '431.2.64.02.10.031', 'MT.AS.SA\'IDAH', 'JLN. PERINTIS', 9, 89, '2007-01-01', 'belum_update', 'anonim', '000000000000', '1946-01-03', '1946-01-03', NULL, NULL, NULL, '2025-10-30 22:44:58', '2025-10-30 22:44:58', NULL),
	(1070, '431.2.64.02.10.032', 'MT. KHOTIMIL QUR\'AN', 'JLN. PERINTIS, RT 24', 9, 89, '2012-01-01', 'belum_update', 'anonim', '000000000000', '1946-01-03', '1946-01-03', NULL, NULL, NULL, '2025-10-30 22:44:58', '2025-10-30 22:44:58', NULL),
	(1071, '431.2.64.02.10.033', 'MT MUSLIMAT NU', 'JL. PERINTIS RT 24 N0 36', 9, 89, '1970-01-01', 'belum_update', 'anonim', '000000000000', '1946-01-03', '1946-01-03', NULL, NULL, NULL, '2025-10-30 22:44:58', '2025-10-30 22:44:58', NULL),
	(1072, '431.2.64.02.10.034', 'MT. UKHUWAH', 'JLN. BINA CIPTA RT 14', 9, 85, '1970-01-01', 'belum_update', 'anonim', '000000000000', '1946-01-03', '1946-01-03', NULL, NULL, NULL, '2025-10-30 22:44:58', '2025-10-30 22:44:58', NULL),
	(1073, '431.2.64.02.10.035', 'MT. AL MADANI', 'JL BINA KRYA IINO 71', 9, 89, '2006-01-01', 'belum_update', 'anonim', '000000000000', '1946-01-03', '1946-01-03', NULL, NULL, NULL, '2025-10-30 22:44:58', '2025-10-30 22:44:58', NULL),
	(1074, '431.2.64.02.10.036', 'MT. AS SIDIQ', 'JL. S. Hasanuddin RT. 005', 9, 89, '2018-01-01', 'belum_update', 'Nining Musa', '000000000000', '2020-05-06', '2025-05-06', NULL, NULL, NULL, '2025-10-30 22:44:58', '2025-10-30 22:44:58', NULL),
	(1075, '431.2.64.02.10.037', 'MT. KHAIRUNNISA', 'JL. Insan Raya RT. 019', 9, 89, '2013-01-01', 'belum_update', 'Mustura', '000000000000', '2020-05-06', '2025-05-06', NULL, NULL, NULL, '2025-10-30 22:44:58', '2025-10-30 22:44:58', NULL),
	(1076, '431.2.64.02.10.038', 'MT. NURUL JANNAH', 'Jl. Pacalari Ilir', 9, 90, '1946-01-03', 'belum_update', 'Rosmiati Busse', '000000000000', '2020-05-06', '2025-05-06', NULL, NULL, NULL, '2025-10-30 22:44:58', '2025-10-30 22:44:58', NULL),
	(1077, '431.2.64.02.10.039', 'MT. UKHUWAH', 'JL. PASAR IMPRES RT. 006', 9, 85, '2010-01-01', 'aktif', 'HJ. GAMARIAH', '081346512728', '2023-05-06', '2028-05-06', NULL, NULL, NULL, '2025-10-30 22:44:58', '2025-10-30 22:44:58', NULL),
	(1078, '431.2.64.02.10.040', 'MT. AT-TAQWA CITRA', 'Jl. Pelabuhan Citra RT. 14', 9, 88, '2020-01-01', 'aktif', 'Irmayanti', '082252226526', '2023-05-06', '2028-05-06', NULL, NULL, NULL, '2025-10-30 22:44:58', '2025-10-30 22:44:58', NULL),
	(1079, '431.2.64.02.11.001', 'AL MUHAJIRIN', 'Jl. Bhayangkara', 8, 81, '2021-01-01', 'aktif', 'Mardia, S. Pd.I', '000000000000', '2023-05-06', '2028-05-06', NULL, NULL, NULL, '2025-11-02 16:05:24', '2025-11-02 16:05:24', NULL),
	(1080, '431.2.64.02.11.002', 'MT. KHAIRUNNISA', 'BATU MENETES', 8, 81, '2015-01-01', 'belum_update', 'anonim', '000000000000', '1946-01-03', '1946-01-03', NULL, NULL, NULL, '2025-11-02 16:05:24', '2025-11-02 16:05:24', NULL),
	(1081, '431.2.64.02.11.003', 'MT. AL- HIKMAH', 'JL. SAMARINDA BONTANG KM.74/ 46 RT.14 DUSUN WONEREJO', 8, 76, '2015-01-01', 'belum_update', 'EDI HARYADI', '000000000000', '1946-01-03', '1946-01-03', NULL, NULL, NULL, '2025-11-02 16:05:24', '2025-11-02 16:05:24', NULL),
	(1082, '431.2.64.02.11.004', 'AL - BAROKAH', 'RT.05', 8, 74, '2004-01-01', 'belum_update', 'MUSLIKAH', '000000000000', '1946-01-03', '1946-01-03', NULL, NULL, NULL, '2025-11-02 16:05:24', '2025-11-02 16:05:24', NULL),
	(1083, '431.2.64.02.11.005', 'UMMUL MU\'MINIIN', 'JL. ADAM MALIK RT. 09 HANDIL MICA', 8, 79, '2010-07-24', 'belum_update', 'Dr.H. Agus Tasbih, S.Ag.MM', '000000000000', '1946-01-03', '1946-01-03', NULL, NULL, NULL, '2025-11-02 16:05:24', '2025-11-02 16:05:24', NULL),
	(1084, '431.2.64.02.11.006', 'AT - TAQWA', 'Jl.PANTAI INDAH RT. 24 DUSUN TERUSAN', 8, 81, '2011-01-01', 'belum_update', 'SUARMI', '085250426934', '1946-01-03', '1946-01-03', NULL, NULL, NULL, '2025-11-02 16:05:24', '2025-11-02 16:05:24', NULL),
	(1085, '431.2.64.02.11.007', 'MT KELOMPOK YASINAN AL BAROKAH', 'JL. NELAYAN RT. 006', 8, 82, '2020-01-18', 'aktif', 'NURAIDA', '085226360037', '2023-05-06', '2028-05-06', NULL, NULL, NULL, '2025-11-02 16:05:24', '2025-11-02 16:05:24', NULL),
	(1086, '431.2.64.02.11.008', 'MT. TAQWA SALO\' SAMELANG', 'Jl. Dg. MATUTUY, RT. 006', 8, 78, '2018-04-20', 'aktif', 'KASMIATI', '081346630616', '2023-05-06', '2028-05-06', NULL, NULL, NULL, '2025-11-02 16:05:24', '2025-11-02 16:05:24', NULL),
	(1087, '431.2.64.02.11.009', 'AL MU\'MININ', 'JL. Gn. HAMBO KM. 7 RT. 10', 8, 82, '2020-07-04', 'aktif', 'MARWIAH', '082149697062', '2023-05-06', '2028-05-06', NULL, NULL, NULL, '2025-11-02 16:05:24', '2025-11-02 16:05:24', NULL),
	(1088, '431.2.64.02.12.001', 'AL- ISTIQOMAH', 'Jln. Karya Utama Gang Nusa Indah RT. 04', 4, 38, '2020-07-23', 'belum_update', 'Mursalin', '000000000000', '1946-01-03', '1946-01-03', NULL, NULL, NULL, '2025-11-02 16:19:48', '2025-11-02 16:19:48', NULL),
	(1089, '431.2.64.02.12.002', 'NURUL YAQIN', 'Jl. Sribangun RT. 21 No. 15 Kota Bangun 75561', 4, 32, '2019-11-30', 'belum_update', 'JUMRI', '000000000000', '1946-01-03', '1946-01-03', NULL, NULL, NULL, '2025-11-02 16:19:48', '2025-11-02 16:19:48', NULL),
	(1090, '431.2.64.02.13.001', 'AL - IKHLAS', 'SP3', 11, 123, '2012-01-01', 'belum_update', 'anonim', '000000000000', '1946-01-03', '1946-01-03', NULL, NULL, NULL, '2025-11-02 16:45:28', '2025-11-02 16:45:28', NULL),
	(1091, '431.2.64.02.13.002', 'NURUL HIDAYAH', 'SP3', 11, 123, '2003-01-01', 'belum_update', 'anonim', '000000000000', '1946-01-03', '1946-01-03', NULL, NULL, NULL, '2025-11-02 16:45:28', '2025-11-02 16:45:28', NULL),
	(1092, '431.2.64.02.13.003', 'AL-ZAHRA', 'SP 3', 11, 123, '2005-01-01', 'belum_update', 'anonim', '000000000000', '1946-01-03', '1946-01-03', NULL, NULL, NULL, '2025-11-02 16:45:28', '2025-11-02 16:45:28', NULL),
	(1093, '431.2.64.02.13.004', 'ATTAQWA', 'SP5', 11, 106, '2001-01-01', 'belum_update', 'anonim', '000000000000', '1946-01-03', '1946-01-03', NULL, NULL, NULL, '2025-11-02 16:45:28', '2025-11-02 16:45:28', NULL),
	(1094, '431.2.64.02.13.005', 'ANNUUR', 'SP5', 11, 106, '2001-01-01', 'belum_update', 'anonim', '000000000000', '1946-01-03', '1946-01-03', NULL, NULL, NULL, '2025-11-02 16:45:28', '2025-11-02 16:45:28', NULL),
	(1095, '431.2.64.02.13.006', 'ALMUBAROKAH', 'SP 4', 11, 115, '2010-01-01', 'belum_update', 'anonim', '000000000000', '1946-01-03', '1946-01-03', NULL, NULL, NULL, '2025-11-02 16:45:28', '2025-11-02 16:45:28', NULL),
	(1096, '431.2.64.02.13.007', 'AL - MUSTAQIM', 'SP 4', 11, 115, '2008-01-01', 'belum_update', 'anonim', '000000000000', '1946-01-03', '1946-01-03', NULL, NULL, NULL, '2025-11-02 16:45:28', '2025-11-02 16:45:28', NULL),
	(1097, '431.2.64.02.13.008', 'JAMIATUN NISSA', 'SP 4', 11, 115, '1985-01-01', 'belum_update', 'anonim', '000000000000', '1946-01-03', '1946-01-03', NULL, NULL, NULL, '2025-11-02 16:45:28', '2025-11-02 16:45:28', NULL),
	(1098, '431.2.64.02.13.009', 'AL - ISTIQOMAH', 'SP 3', 11, 120, '2000-01-01', 'belum_update', 'anonim', '000000000000', '1946-01-03', '1946-01-03', NULL, NULL, NULL, '2025-11-02 16:45:28', '2025-11-02 16:45:28', NULL),
	(1099, '431.2.64.02.13.010', 'AL - ISTIQOMAH', 'SP 3', 11, 120, '2000-01-01', 'belum_update', 'anonim', '000000000000', '1946-01-03', '1946-01-03', NULL, NULL, NULL, '2025-11-02 16:45:28', '2025-11-02 16:45:28', NULL),
	(1100, '431.2.64.02.13.011', 'DARUSSALAM', 'SP 3', 11, 120, '1997-01-01', 'belum_update', 'anonim', '000000000000', '1946-01-03', '1946-01-03', NULL, NULL, NULL, '2025-11-02 16:45:28', '2025-11-02 16:45:28', NULL),
	(1101, '431.2.64.02.13.012', 'ALISRO', 'SP 3', 11, 120, '1986-01-01', 'belum_update', 'anonim', '000000000000', '1946-01-03', '1946-01-03', NULL, NULL, NULL, '2025-11-02 16:45:28', '2025-11-02 16:45:28', NULL),
	(1102, '431.2.64.02.13.013', 'MIFTAHUS SIBYAN', 'SP 3', 11, 120, '1995-01-01', 'belum_update', 'anonim', '000000000000', '1946-01-03', '1946-01-03', NULL, NULL, NULL, '2025-11-02 16:45:28', '2025-11-02 16:45:28', NULL),
	(1103, '431.2.64.02.13.014', 'NURUL KHASANAH', 'SP 3', 11, 120, '1984-01-01', 'belum_update', 'anonim', '000000000000', '1946-01-03', '1946-01-03', NULL, NULL, NULL, '2025-11-02 16:45:28', '2025-11-02 16:45:28', NULL),
	(1104, '431.2.64.02.13.015', 'NURUL HIDAYAH', 'RT.001', 11, 122, '2007-01-01', 'belum_update', 'anonim', '000000000000', '1946-01-03', '1946-01-03', NULL, NULL, NULL, '2025-11-02 16:45:28', '2025-11-02 16:45:28', NULL),
	(1105, '431.2.64.02.13.016', 'KHUSUNUL KHATIMAH', 'JLN. PUNAI RT. 07', 11, 123, '2012-01-01', 'belum_update', 'anonim', '000000000000', '1946-01-03', '1946-01-03', NULL, NULL, NULL, '2025-11-02 16:45:28', '2025-11-02 16:45:28', NULL),
	(1106, '431.2.64.02.13.017', 'NURUL IMAN', 'DESA SEDULANG', 11, 119, '2014-01-01', 'belum_update', 'HAJRAN', '000000000000', '1946-01-03', '1946-01-03', NULL, NULL, NULL, '2025-11-02 16:45:28', '2025-11-02 16:45:28', NULL),
	(1107, '431.2.64.02.13.018', 'AL - IKHLAS', 'DESA PUAN CEPAK', 11, 116, '2011-01-01', 'belum_update', 'anonim', '000000000000', '1946-01-03', '1946-01-03', NULL, NULL, NULL, '2025-11-02 16:45:28', '2025-11-02 16:45:28', NULL),
	(1108, '431.2.64.02.13.019', 'AL - ILMI', 'DUSUN KM.18', 11, 118, '2015-01-01', 'belum_update', 'anonim', '000000000000', '1946-01-03', '1946-01-03', NULL, NULL, NULL, '2025-11-02 16:45:28', '2025-11-02 16:45:28', NULL),
	(1109, '431.2.64.02.13.020', 'AL - HIDAYAH', 'DUSUN KM 18', 11, 118, '2009-01-01', 'belum_update', 'anonim', '000000000000', '1946-01-03', '1946-01-03', NULL, NULL, NULL, '2025-11-02 16:45:28', '2025-11-02 16:45:28', NULL),
	(1110, '431.2.64.02.13.021', 'NURUL ISLAM', 'DUSUN KM 18', 11, 118, '2009-01-01', 'belum_update', 'anonim', '000000000000', '1946-01-03', '1946-01-03', NULL, NULL, NULL, '2025-11-02 16:45:28', '2025-11-02 16:45:28', NULL),
	(1111, '431.2.64.02.13.022', 'MIFTAHUL JANNAH', 'DUSUN SUMBER MULYO', 11, 112, '2016-01-01', 'belum_update', 'anonim', '000000000000', '1946-01-03', '1946-01-03', NULL, NULL, NULL, '2025-11-02 16:45:28', '2025-11-02 16:45:28', NULL),
	(1112, '431.2.64.02.13.023', 'JAMIATUL AMALIAH', 'DESA MUARA KAMAN ILIR', 11, 112, '2013-01-01', 'belum_update', 'anonim', '000000000000', '1946-01-03', '1946-01-03', NULL, NULL, NULL, '2025-11-02 16:45:28', '2025-11-02 16:45:28', NULL),
	(1113, '431.2.64.02.13.024', 'NURUL ANWAR', 'DUSUN LIANG BERKAKIT', 11, 121, '2016-01-01', 'belum_update', 'anonim', '000000000000', '1946-01-03', '1946-01-03', NULL, NULL, NULL, '2025-11-02 16:45:28', '2025-11-02 16:45:28', NULL),
	(1114, '431.2.64.02.13.025', 'NURUL HUDA', 'DESA TERATAK', 11, 121, '2015-01-01', 'belum_update', 'anonim', '000000000000', '1946-01-03', '1946-01-03', NULL, NULL, NULL, '2025-11-02 16:45:28', '2025-11-02 16:45:28', NULL),
	(1115, '431.2.64.02.14.001', 'IBNUL KHAIR', 'Jl. Babussalam RT. 04', 13, 140, '2017-01-10', 'belum_update', 'Muhammad Kharmain', '000000000000', '1946-03-01', '1946-03-01', NULL, NULL, NULL, '2025-11-02 17:00:47', '2025-11-02 17:00:47', NULL),
	(1116, '431.2.64.02.15.001', 'MAJELIS TAKLIM AL - HIJRIAH', 'DUSUN MUARA LEKA II', 12, 130, '2014-01-01', 'belum_update', 'anonim', '000000000000', '1946-01-03', '1946-01-03', NULL, NULL, NULL, '2025-11-02 18:12:36', '2025-11-02 18:12:36', NULL),
	(1117, '431.2.64.02.15.002', 'MAJELIS TAKLIM AL - MUSLIMIN', 'DESA MUARA LEKA INDUK RT 03', 12, 130, '2015-01-01', 'belum_update', 'anonim', '000000000000', '1946-01-03', '1946-01-03', NULL, NULL, NULL, '2025-11-02 18:12:36', '2025-11-02 18:12:36', NULL),
	(1118, '431.2.64.02.15.003', 'MAJELIS TAKLIM IBU IBU', 'RT 07', 12, 133, '2013-01-01', 'belum_update', 'anonim', '000000000000', '1946-01-03', '1946-01-03', NULL, NULL, NULL, '2025-11-02 18:12:36', '2025-11-02 18:12:36', NULL),
	(1119, '431.2.64.02.15.004', 'HABSY NURUL YAQIN', 'RT 02', 12, 133, '2015-01-01', 'belum_update', 'anonim', '000000000000', '1946-01-03', '1946-01-03', NULL, NULL, NULL, '2025-11-02 18:12:36', '2025-11-02 18:12:36', NULL),
	(1120, '431.2.64.02.15.005', 'NURUL YAQIN', 'RT 02', 12, 133, '2016-01-01', 'belum_update', 'anonim', '000000000000', '1946-01-03', '1946-01-03', NULL, NULL, NULL, '2025-11-02 18:12:36', '2025-11-02 18:12:36', NULL),
	(1121, '431.2.64.02.15.006', 'MAJELIS TAKLIM GURU YUNAINI', 'RT 08', 12, 126, '1970-01-01', 'belum_update', 'anonim', '000000000000', '1946-01-03', '1946-01-03', NULL, NULL, NULL, '2025-11-02 18:12:36', '2025-11-02 18:12:36', NULL),
	(1122, '431.2.64.02.15.007', 'MAJELIS TAKLIM GURU JAMRI', 'RT 06', 12, 126, '1970-01-01', 'belum_update', 'anonim', '000000000000', '1946-01-03', '1946-01-03', NULL, NULL, NULL, '2025-11-02 18:12:36', '2025-11-02 18:12:36', NULL),
	(1123, '431.2.64.02.15.008', 'MAJELIS TAKLIM GURU BURHANUDDIN', 'RT 04', 12, 126, '1970-01-01', 'belum_update', 'anonim', '000000000000', '1946-01-03', '1946-01-03', NULL, NULL, NULL, '2025-11-02 18:12:36', '2025-11-02 18:12:36', NULL),
	(1124, '431.2.64.02.15.009', 'AL - AZHAR', 'RT 02', 12, 126, '2003-01-01', 'belum_update', 'anonim', '000000000000', '1946-01-03', '1946-01-03', NULL, NULL, NULL, '2025-11-02 18:12:36', '2025-11-02 18:12:36', NULL),
	(1125, '431.2.64.02.15.010', 'AL - HIDAYAH', 'RT 07', 12, 127, '2008-01-01', 'aktif', 'MUHRIADI', '082358156879', '2023-05-06', '2028-05-06', NULL, NULL, NULL, '2025-11-02 18:12:36', '2025-11-02 18:12:36', NULL),
	(1126, '431.2.64.02.15.011', 'WAHIDATUL JANNAH', 'RT 12', 12, 126, '1970-01-01', 'belum_update', 'anonim', '000000000000', '1946-01-03', '1946-01-03', NULL, NULL, NULL, '2025-11-02 18:12:36', '2025-11-02 18:12:36', NULL),
	(1127, '431.2.64.02.15.012', 'RAUDATUL JINAN', 'JLN. KAMPUNG LAMA RT 12', 12, 126, '1970-01-01', 'belum_update', 'anonim', '000000000000', '1946-01-03', '1946-01-03', NULL, NULL, NULL, '2025-11-02 18:12:36', '2025-11-02 18:12:36', NULL),
	(1128, '431.2.64.02.15.013', 'SIRAJUL UMMAH', 'JLN.KAMPUNG LAMA RT 12', 12, 126, '1970-01-01', 'belum_update', 'anonim', '000000000000', '1946-01-03', '1946-01-03', NULL, NULL, NULL, '2025-11-02 18:12:36', '2025-11-02 18:12:36', NULL),
	(1129, '431.2.64.02.15.014', 'NURUL HUDA', 'JLN. KAMPUNG LAMA RT 10', 12, 126, '1970-01-01', 'belum_update', 'anonim', '000000000000', '1946-01-03', '1946-01-03', NULL, NULL, NULL, '2025-11-02 18:12:36', '2025-11-02 18:12:36', NULL),
	(1130, '431.2.64.02.15.015', 'ASY - SYIFA', 'JLN. KAMPUNG LAMA RT 10', 12, 126, '1970-01-01', 'belum_update', 'anonim', '000000000000', '1946-01-03', '1946-01-03', NULL, NULL, NULL, '2025-11-02 18:12:36', '2025-11-02 18:12:36', NULL),
	(1131, '431.2.64.02.15.016', 'AL - MIZAN', 'JLN. KAMPUNG LAMA RT 09', 12, 126, '1970-01-01', 'belum_update', 'anonim', '000000000000', '1946-01-03', '1946-01-03', NULL, NULL, NULL, '2025-11-02 18:12:36', '2025-11-02 18:12:36', NULL),
	(1132, '431.2.64.02.15.017', 'NURUL HIDAYAH', 'JLN.KAMPUNG LAMA RT 08', 12, 126, '1970-01-01', 'belum_update', 'anonim', '000000000000', '1946-01-03', '1946-01-03', NULL, NULL, NULL, '2025-11-02 18:12:36', '2025-11-02 18:12:36', NULL),
	(1133, '431.2.64.02.15.018', 'MATHALUL ANWAR', 'JLN. KAMPUNG LAMA RT 08', 12, 126, '1970-01-01', 'belum_update', 'anonim', '000000000000', '1946-01-03', '1946-01-03', NULL, NULL, NULL, '2025-11-02 18:12:36', '2025-11-02 18:12:36', NULL),
	(1134, '431.2.64.02.15.019', 'AL - KAUTSAR', 'JLN. PULAU KERAMAT RT 06', 12, 125, '1970-01-01', 'belum_update', 'anonim', '000000000000', '1946-01-03', '1946-01-03', NULL, NULL, NULL, '2025-11-02 18:12:36', '2025-11-02 18:12:36', NULL),
	(1135, '431.2.64.02.15.020', 'AL - HIKMAH IBU - IBU', 'JLN.PULAU KERAMAT RT 03', 12, 125, '1970-01-01', 'belum_update', 'anonim', '000000000000', '1946-01-03', '1946-01-03', NULL, NULL, NULL, '2025-11-02 18:12:36', '2025-11-02 18:12:36', NULL),
	(1136, '431.2.64.02.15.021', 'AL - HIKMAH', 'JLN. PULAU KERAMAT RT 03', 12, 125, '2012-01-25', 'aktif', 'SOFIAN', '081254527540', '2024-05-06', '2029-05-06', NULL, NULL, NULL, '2025-11-02 18:12:36', '2025-11-02 18:12:36', NULL),
	(1137, '431.2.64.02.15.022', 'AL - MUJAHIDIN', 'JLN. PULAU KERAMAT RT 02', 12, 125, '1970-01-01', 'belum_update', 'anonim', '000000000000', '1946-01-03', '1946-01-03', NULL, NULL, NULL, '2025-11-02 18:12:36', '2025-11-02 18:12:36', NULL),
	(1138, '431.2.64.02.15.023', 'NUR HAQ', 'JLN.PULAU KERAMAT', 12, 125, '1970-01-01', 'belum_update', 'anonim', '000000000000', '1946-01-03', '1946-01-03', NULL, NULL, NULL, '2025-11-02 18:12:36', '2025-11-02 18:12:36', NULL),
	(1139, '431.2.64.02.15.024', 'DARUSSALAM', 'JLN.PULAU SEMPURNA RT 01', 12, 125, '1970-01-01', 'belum_update', 'anonim', '000000000000', '1946-01-03', '1946-01-03', NULL, NULL, NULL, '2025-11-02 18:12:36', '2025-11-02 18:12:36', NULL),
	(1140, '431.2.64.02.15.025', 'AL - MUKARRAMAH', 'JLN. PULAU SEMPURNA RT 01', 12, 125, '1970-01-01', 'belum_update', 'anonim', '000000000000', '1946-01-03', '1946-01-03', NULL, NULL, NULL, '2025-11-02 18:12:36', '2025-11-02 18:12:36', NULL),
	(1141, '431.2.64.02.15.026', 'MAJELIS TAKLIM AL - TAJJALLI', 'RT 03', 12, 129, '1984-01-01', 'belum_update', 'anonim', '000000000000', '1946-01-03', '1946-01-03', NULL, NULL, NULL, '2025-11-02 18:12:36', '2025-11-02 18:12:36', NULL),
	(1142, '431.2.64.02.15.027', 'MAJELIS TAKLIM AS - SABIRIN', 'RT.01', 12, 124, '1970-01-01', 'belum_update', 'anonim', '000000000000', '1946-01-03', '1946-01-03', NULL, NULL, NULL, '2025-11-02 18:12:36', '2025-11-02 18:12:36', NULL),
	(1143, '431.2.64.02.15.028', 'MAJELIS TAKLIM AL - MUTTAQIN', 'RT 03', 12, 124, '1970-01-01', 'belum_update', 'anonim', '000000000000', '1946-01-03', '1946-01-03', NULL, NULL, NULL, '2025-11-02 18:12:36', '2025-11-02 18:12:36', NULL),
	(1144, '431.2.64.02.15.029', 'MAJELIS TAKLIM IBU - IBU RAUDATUL IBADAH', 'JL.KH.AGUS SALIM RT 01', 12, 135, '2002-01-01', 'belum_update', 'anonim', '000000000000', '1946-01-03', '1946-01-03', NULL, NULL, NULL, '2025-11-02 18:12:36', '2025-11-02 18:12:36', NULL),
	(1145, '431.2.64.02.15.030', 'MAJELIS TAKLIM & HABSY RADATUL IBADAH', 'JLN. KH. AGUS SALIM RT 01', 12, 135, '2002-01-01', 'belum_update', 'anonim', '000000000000', '1946-01-03', '1946-01-03', NULL, NULL, NULL, '2025-11-02 18:12:36', '2025-11-02 18:12:36', NULL),
	(1146, '431.2.64.02.15.031', 'MAJELIS TAKLIM & HABSY RADATUL IBADAH', 'JLN. KH. AGUS SALIM RT 01', 12, 135, '2002-01-01', 'belum_update', 'anonim', '000000000000', '1946-01-03', '1946-01-03', NULL, NULL, NULL, '2025-11-02 18:12:36', '2025-11-02 18:12:36', NULL),
	(1147, '431.2.64.02.15.032', 'MAJELIS TAKLIM NURUL IMAN', 'JLN. DEWI SARTIKA RT 02', 12, 128, '2010-01-01', 'belum_update', 'anonim', '000000000000', '1946-01-03', '1946-01-03', NULL, NULL, NULL, '2025-11-02 18:12:36', '2025-11-02 18:12:36', NULL),
	(1148, '431.2.64.02.15.033', 'MAJELIS TAKLIM & HABSY BAITURRAHMAN', 'JLN. PANGERAN HIDAYATULLAH RT 04', 12, 134, '1995-01-01', 'belum_update', 'anonim', '000000000000', '1946-01-03', '1946-01-03', NULL, NULL, NULL, '2025-11-02 18:12:36', '2025-11-02 18:12:36', NULL),
	(1149, '431.2.64.02.15.034', 'MAJELIS TAKLIM & HABSY BAITURRAHMAN', 'JLN. PANGERAN HIDAYATULLAH RT 04', 12, 134, '1995-01-01', 'belum_update', 'anonim', '000000000000', '1946-01-03', '1946-01-03', NULL, NULL, NULL, '2025-11-02 18:12:36', '2025-11-02 18:12:36', NULL),
	(1150, '431.2.64.02.15.035', 'MAJELIS TAKLIM & HABSY BAITURRAHMAN', 'JLN. PANGERAN HIDAYATULLAH RT 04', 12, 134, '1995-01-01', 'belum_update', 'anonim', '000000000000', '1946-01-03', '1946-01-03', NULL, NULL, NULL, '2025-11-02 18:12:36', '2025-11-02 18:12:36', NULL),
	(1151, '431.2.64.02.15.036', 'MAJELIS TAKLIM & HABSY BAITURRAHMAN', 'JLN. PANGERAN HIDAYATULLAH RT 04', 12, 134, '1995-01-01', 'belum_update', 'anonim', '000000000000', '1946-01-03', '1946-01-03', NULL, NULL, NULL, '2025-11-02 18:12:36', '2025-11-02 18:12:36', NULL),
	(1152, '431.2.64.02.15.037', 'MAJELIS TAKLIM AL HIKMAH', 'JLN. PANGERAN HIDAYATULLAH RT 07', 12, 134, '1970-01-01', 'belum_update', 'anonim', '000000000000', '1946-01-03', '1946-01-03', NULL, NULL, NULL, '2025-11-02 18:12:36', '2025-11-02 18:12:36', NULL),
	(1153, '431.2.64.02.15.038', 'MAJELIS TAKLIM & HABSY AHBABUL MUSTOFA', 'JLN. PANGERAN HIDAYATULLAH RT 03', 12, 134, '2010-01-01', 'belum_update', 'anonim', '000000000000', '1946-01-03', '1946-01-03', NULL, NULL, NULL, '2025-11-02 18:12:37', '2025-11-02 18:12:37', NULL),
	(1154, '431.2.64.02.15.039', 'MAJELIS TAKLIM & HABSY AL - MU\'MINUN', 'JLN. PANGERAN HIDAYATULLAH RT 06', 12, 134, '1970-01-10', 'belum_update', 'anonim', '000000000000', '1946-01-03', '1946-01-03', NULL, NULL, NULL, '2025-11-02 18:12:37', '2025-11-02 18:12:37', NULL),
	(1155, '431.2.64.02.15.040', 'MAJELIS TAKLIM IBU - IBU BAITURRAHMAN', 'JLN. PAGERAN HIDAYATULLAH RT 04', 12, 134, '1995-01-01', 'belum_update', 'anonim', '000000000000', '1946-01-03', '1946-01-03', NULL, NULL, NULL, '2025-11-02 18:12:37', '2025-11-02 18:12:37', NULL),
	(1156, '431.2.64.02.15.041', 'MAJELIS TAKLIM IBU - IBU AZHAR', 'JLN. PAGERAN HIDAYATULLAH RT 02', 12, 134, '2000-01-01', 'belum_update', 'anonim', '000000000000', '1946-01-03', '1946-01-03', NULL, NULL, NULL, '2025-11-02 18:12:37', '2025-11-02 18:12:37', NULL),
	(1157, '431.2.64.02.15.042', 'MAJELIS TAKLIM & HABSY AL - AZHAR', 'JL.PANGERAN HIDAYATULLAH RT 02', 12, 134, '2001-01-01', 'belum_update', 'anonim', '000000000000', '1946-01-03', '1946-01-03', NULL, NULL, NULL, '2025-11-02 18:12:37', '2025-11-02 18:12:37', NULL),
	(1158, '431.2.64.02.15.043', 'MAJELIS TAKLIM NURUL MUHIBBIN', 'JLN. MASAID RT 04', 12, 129, '2015-01-01', 'belum_update', 'anonim', '000000000000', '1946-01-03', '1946-01-03', NULL, NULL, NULL, '2025-11-02 18:12:37', '2025-11-02 18:12:37', NULL),
	(1159, '431.2.64.02.15.044', 'MAJELIS TAKLIM & HABSY NUR ASIFA', 'JLN. F.L. TOBING RT.02', 12, 131, '1970-01-01', 'belum_update', 'anonim', '000000000000', '1946-01-03', '1946-01-03', NULL, NULL, NULL, '2025-11-02 18:12:37', '2025-11-02 18:12:37', NULL),
	(1160, '431.2.64.02.15.045', 'MAJELIS HABSY PASIR BERSHOLAWAT', 'JLN. JEND.SUDIRMAN RT.05', 12, 132, '2016-01-01', 'belum_update', 'anonim', '000000000000', '1946-01-03', '1946-01-03', NULL, NULL, NULL, '2025-11-02 18:12:37', '2025-11-02 18:12:37', NULL),
	(1161, '431.2.64.02.15.046', 'MAJELIS TAKLIM IBU - IBU AL - AMIN', 'JLN. JEND A.YANI RT 1', 12, 132, '2014-01-10', 'belum_update', 'anonim', '000000000000', '1946-01-03', '1946-01-03', NULL, NULL, NULL, '2025-11-02 18:12:37', '2025-11-02 18:12:37', NULL),
	(1162, '431.2.64.02.15.047', 'MAJELIS TAKLIM & HABSY IBNUL AMIN', 'JLN. JEND. A. YANI RT 10', 12, 132, '2009-01-01', 'belum_update', 'anonim', '000000000000', '1946-01-03', '1946-01-03', NULL, NULL, NULL, '2025-11-02 18:12:37', '2025-11-02 18:12:37', NULL),
	(1163, '431.2.64.02.15.048', 'MAJELIS TAKLIM IBU - IBU BAITIL MUJAHIDIN', 'JLN.A.YANI, RT.10', 12, 132, '2016-01-01', 'belum_update', 'anonim', '000000000000', '1946-01-03', '1946-01-03', NULL, NULL, NULL, '2025-11-02 18:12:37', '2025-11-02 18:12:37', NULL),
	(1164, '431.2.64.02.15.049', 'MAJELIS TAKLIM & HABSY AL MU\'MINUN', 'JLN.KH.DEWANTARA RT 08', 12, 132, '1998-01-01', 'belum_update', 'anonim', '000000000000', '1946-01-03', '1946-01-03', NULL, NULL, NULL, '2025-11-02 18:12:37', '2025-11-02 18:12:37', NULL),
	(1165, '431.2.64.02.15.050', 'MAJELIS TAKLIM IBU - IBU', 'JLN.KH.DEWANTARA RT.06', 12, 132, '2016-01-01', 'belum_update', 'anonim', '000000000000', '1946-01-03', '1946-01-03', NULL, NULL, NULL, '2025-11-02 18:12:37', '2025-11-02 18:12:37', NULL),
	(1166, '431.2.64.02.15.051', 'MAJELIS TAKLIM ASYIFA', 'JL. KAMPUNG BARU RT. 06 DESA JANTUR', 12, 125, '2017-01-01', 'aktif', 'SARINTAN', '085349717424', '2023-05-06', '2028-05-06', NULL, NULL, NULL, '2025-11-02 18:12:37', '2025-11-02 18:12:37', NULL),
	(1167, '431.2.64.02.15.052', 'MAJELIS TAKLIM DUA MAS', 'JL. P. HIDAYATULLAH DESA PULAU HARAPAN', 12, 134, '2020-01-01', 'aktif', 'EKA ASMIRA', '081251151468', '2023-05-06', '2028-05-06', NULL, NULL, NULL, '2025-11-02 18:12:37', '2025-11-02 18:12:37', NULL),
	(1168, '431.2.64.02.15.053', 'MAJELIS TA\'LIM KHAIRUL UMMAH', 'JL. RAYA SUNGAI JANTUR RT. 009', 12, 127, '2005-06-10', 'aktif', 'ARMAH', '000000000000', '2023-05-06', '2028-05-06', NULL, NULL, NULL, '2025-11-02 18:12:37', '2025-11-02 18:12:37', NULL),
	(1169, '431.2.64.02.15.054', 'MAJELIS TA\'LIM AL-AMIN', 'JL. RAYA SUNGAI JANTUR RT. 003', 12, 127, '2000-06-12', 'aktif', 'ARBAINAH', '000000000000', '2023-05-06', '2028-05-06', NULL, NULL, NULL, '2025-11-02 18:12:37', '2025-11-02 18:12:37', NULL),
	(1170, '431.2.64.02.15.055', 'MAJELIS TA\'LIM AL MUHIBBIN', 'JL. PULAU KERAMAT RT. 007', 12, 125, '2019-01-25', 'aktif', 'BAHRIAH', '085347776953', '2024-05-06', '2029-05-06', NULL, NULL, NULL, '2025-11-02 18:12:37', '2025-11-02 18:12:37', NULL),
	(1171, '431.2.64.02.16.001', 'JAMI\'ATUL MUSLIMIN', 'DESA MUAI CACRA KEC. KEMBANG JANGGUT', 2, 17, '2006-01-01', 'belum_update', 'anonim', '000000000000', '1946-01-03', '1946-01-03', NULL, NULL, NULL, '2025-11-02 18:27:38', '2025-11-02 18:27:38', NULL),
	(1172, '431.2.64.02.16.002', 'AL KAUTSAR', 'DESA MUAI KEC. KEMBANG JANGGUT', 2, 17, '2010-01-01', 'belum_update', 'anonim', '000000000000', '1946-01-03', '1946-01-03', NULL, NULL, NULL, '2025-11-02 18:27:38', '2025-11-02 18:27:38', NULL),
	(1173, '431.2.64.02.18.001', 'BINA INSAN MUALLAF TABANG', 'RT. 006', 18, 200, '2014-01-01', 'belum_update', 'MUHAMMAD ROSUL,S.Pd.I', '000000000000', '2019-05-06', '2024-05-06', NULL, NULL, NULL, '2025-11-02 18:31:46', '2025-11-03 23:58:57', NULL),
	(1174, '431.2.64.02.02.006', 'MATASIMUNA', 'Jl. Ahmad Yani, RT. 005', 7, 69, '2025-10-12', 'aktif', 'Subekan, S.Pd.I', '085250306307', '2025-11-04', '2030-11-04', NULL, NULL, NULL, '2025-11-03 16:27:30', '2025-11-03 16:27:30', NULL),
	(1175, '431.2.64.02.01.212', 'ZIYADATUS SALAMAH', 'Jl.. Selamet Riyadi, RT. 026', 19, 206, '2025-02-15', 'aktif', 'Robiah Miratul Kholib', '085240024255', '2025-11-06', '2030-11-06', '1762504162_20251106092405431.2.64.02.01.212-ZIYADATUSSALAMAH-SKTpreview.pdf', '1762504183_20251107115955431.2.64.02.01.212-ZIYADATUSSALAMAH-Piagampreview.pdf', '1762504254_20251105073843berkasrt26bukitbirurotatedcompressed.pdf', '2025-11-05 16:14:30', '2025-11-07 00:30:54', NULL);

-- Dumping structure for table kemena10_bimas.skt_rumah_ibadahs
DROP TABLE IF EXISTS `skt_rumah_ibadahs`;
CREATE TABLE IF NOT EXISTS `skt_rumah_ibadahs` (
  `id` bigint unsigned NOT NULL AUTO_INCREMENT,
  `nomor_statistik` varchar(255) COLLATE utf8mb4_unicode_ci NOT NULL,
  `nama_rumah_ibadah` varchar(255) COLLATE utf8mb4_unicode_ci NOT NULL,
  `alamat` varchar(255) COLLATE utf8mb4_unicode_ci NOT NULL,
  `kecamatan_id` bigint unsigned NOT NULL,
  `kelurahan_id` bigint unsigned NOT NULL,
  `jenis_rumah_ibadah_id` bigint unsigned NOT NULL,
  `tipologi_rumah_ibadah_id` bigint unsigned NOT NULL,
  `created_at` timestamp NULL DEFAULT NULL,
  `updated_at` timestamp NULL DEFAULT NULL,
  `deleted_at` timestamp NULL DEFAULT NULL,
  PRIMARY KEY (`id`),
  KEY `skt_rumah_ibadahs_kecamatan_id_foreign` (`kecamatan_id`),
  KEY `skt_rumah_ibadahs_kelurahan_id_foreign` (`kelurahan_id`),
  KEY `skt_rumah_ibadahs_jenis_rumah_ibadah_id_foreign` (`jenis_rumah_ibadah_id`),
  KEY `skt_rumah_ibadahs_tipologi_rumah_ibadah_id_foreign` (`tipologi_rumah_ibadah_id`),
  KEY `skt_rumah_ibadahs_deleted_at_index` (`deleted_at`),
  CONSTRAINT `skt_rumah_ibadahs_jenis_rumah_ibadah_id_foreign` FOREIGN KEY (`jenis_rumah_ibadah_id`) REFERENCES `jenis_rumah_ibadahs` (`id`) ON DELETE CASCADE,
  CONSTRAINT `skt_rumah_ibadahs_kecamatan_id_foreign` FOREIGN KEY (`kecamatan_id`) REFERENCES `kecamatans` (`id`) ON DELETE CASCADE,
  CONSTRAINT `skt_rumah_ibadahs_kelurahan_id_foreign` FOREIGN KEY (`kelurahan_id`) REFERENCES `kelurahans` (`id`) ON DELETE CASCADE,
  CONSTRAINT `skt_rumah_ibadahs_tipologi_rumah_ibadah_id_foreign` FOREIGN KEY (`tipologi_rumah_ibadah_id`) REFERENCES `tipologi_rumah_ibadahs` (`id`) ON DELETE CASCADE
) ENGINE=InnoDB DEFAULT CHARSET=utf8mb4 COLLATE=utf8mb4_unicode_ci;

-- Dumping data for table kemena10_bimas.skt_rumah_ibadahs: ~0 rows (approximately)

-- Dumping structure for table kemena10_bimas.tipologi_rumah_ibadahs
DROP TABLE IF EXISTS `tipologi_rumah_ibadahs`;
CREATE TABLE IF NOT EXISTS `tipologi_rumah_ibadahs` (
  `id` bigint unsigned NOT NULL AUTO_INCREMENT,
  `nama_tipologi` varchar(255) COLLATE utf8mb4_unicode_ci NOT NULL,
  `jenis_rumah_ibadah_id` bigint unsigned NOT NULL,
  `created_at` timestamp NULL DEFAULT NULL,
  `updated_at` timestamp NULL DEFAULT NULL,
  `deleted_at` timestamp NULL DEFAULT NULL,
  PRIMARY KEY (`id`),
  KEY `tipologi_rumah_ibadahs_jenis_rumah_ibadah_id_foreign` (`jenis_rumah_ibadah_id`),
  KEY `tipologi_rumah_ibadahs_deleted_at_index` (`deleted_at`),
  CONSTRAINT `tipologi_rumah_ibadahs_jenis_rumah_ibadah_id_foreign` FOREIGN KEY (`jenis_rumah_ibadah_id`) REFERENCES `jenis_rumah_ibadahs` (`id`) ON DELETE CASCADE
) ENGINE=InnoDB DEFAULT CHARSET=utf8mb4 COLLATE=utf8mb4_unicode_ci;

-- Dumping data for table kemena10_bimas.tipologi_rumah_ibadahs: ~0 rows (approximately)

-- Dumping structure for table kemena10_bimas.users
DROP TABLE IF EXISTS `users`;
CREATE TABLE IF NOT EXISTS `users` (
  `id` bigint unsigned NOT NULL AUTO_INCREMENT,
  `name` varchar(255) COLLATE utf8mb4_unicode_ci NOT NULL,
  `email` varchar(255) COLLATE utf8mb4_unicode_ci NOT NULL,
  `email_verified_at` timestamp NULL DEFAULT NULL,
  `password` varchar(255) COLLATE utf8mb4_unicode_ci NOT NULL,
  `remember_token` varchar(100) COLLATE utf8mb4_unicode_ci DEFAULT NULL,
  `created_at` timestamp NULL DEFAULT NULL,
  `updated_at` timestamp NULL DEFAULT NULL,
  PRIMARY KEY (`id`),
  UNIQUE KEY `users_email_unique` (`email`)
) ENGINE=InnoDB AUTO_INCREMENT=2 DEFAULT CHARSET=utf8mb4 COLLATE=utf8mb4_unicode_ci;

-- Dumping data for table kemena10_bimas.users: ~1 rows (approximately)
REPLACE INTO `users` (`id`, `name`, `email`, `email_verified_at`, `password`, `remember_token`, `created_at`, `updated_at`) VALUES
	(1, 'Test User', 'test@example.com', '2025-08-24 19:22:02', '$2y$12$FKKNsb5Gb1aD8UDzeSy0NOlIW/v0HoK0qIZ15P/E1AY35wAgiXq2O', 'EM58naOb1fvcRt4arnKAH7PFCYi7dyewedUep1YV1WP6FUxNOEkGJSDfz7GO', '2025-08-24 19:22:02', '2025-08-24 19:22:02');

/*!40103 SET TIME_ZONE=IFNULL(@OLD_TIME_ZONE, 'system') */;
/*!40101 SET SQL_MODE=IFNULL(@OLD_SQL_MODE, '') */;
/*!40014 SET FOREIGN_KEY_CHECKS=IFNULL(@OLD_FOREIGN_KEY_CHECKS, 1) */;
/*!40101 SET CHARACTER_SET_CLIENT=@OLD_CHARACTER_SET_CLIENT */;
/*!40111 SET SQL_NOTES=IFNULL(@OLD_SQL_NOTES, 1) */;
